video_uid,scenario,split
000cd456-ff8d-499b-b0c1-4acead128a8b,Cleaning,multi
001e3e4e-2743-47fc-8564-d5efd11f9e90,Cleaning,train
002ad105-bd9a-4858-953e-54e88dc7587e,Cleaning,train
002c3b5c-ed86-4af3-99a1-4b497b7c8a86,Cooking,val
002d2729-df71-438d-8396-5895b349e8fd,Cooking,train
003a90b1-7960-44e2-ba2f-308ba83adc70,Gardening,train
0066ab25-04ad-41b2-89ab-283d2bfa1c4b,Mechanical Repair,val
0091e812-f56f-4bd9-ad65-019fc97c1ffe,Playing Instrument,train
01111831-9107-43c4-bf0e-6b26e9b32a2b,Cleaning,train
01ce4fd6-197a-4792-8778-775b03780369,Cleaning,train
01d793c6-e235-4af1-8a1d-c70dcf0c8654,Carpentry,train
024713b7-b198-4502-a114-02ca0485353b,Cooking,train
02497a97-5de2-469c-b2e9-c940b78c2060,Walking Outdoors,train
025c24db-1ab3-462e-888a-3598fd777ee2,Playing Instrument,train
025c63c9-a371-4de7-87a9-ef3949040e8c,Walking Outdoors,train
02877cad-35c5-423b-8e93-11cf79fe4b31,Walking Outdoors,train
0296707b-0b42-45dd-98dc-ca8ce0a26a50,Playing Instrument,train
02bec245-e840-456d-b340-e7108c27dc08,Walking Outdoors,test
02ca6897-bf08-4cfb-bbc7-7810dbf5cca2,Mechanical Repair,train
02cf2e59-26be-43be-a4d9-7d6cbcfd0898,Playing Instrument,val
03634630-7d25-4d31-aeda-b9747f09034d,Walking Outdoors,train
036ed5cd-297e-4592-97ee-0611adbc45d2,Mechanical Repair,train
0377792b-7b1e-4d67-86fd-f50c9257ea85,Carpentry,multi
0386e502-b034-4cb3-ab3e-f44c154f18dc,Walking Outdoors,train
03be7d83-7394-45b9-9f36-b55ad721aee1,Carpentry,val
045451d6-2916-4c07-8e47-7cfdaa579086,Playing Instrument,train
047c5e54-444f-463e-b677-be38e706a9ea,Mechanical Repair,multi
04ac4c40-22fd-42aa-a7f0-ee597ffb7058,Cooking,train
053ae0a6-937d-4bdc-8001-d3dfe7899811,Walking Outdoors,train
0550b3f4-94a5-4e91-a00f-316d4a1d4d59,Playing Instrument,train
055ba601-c243-4d4a-8a2c-694a5c88824c,Walking Outdoors,val
055f3cf1-1133-4260-b5a0-31e7ca1726a1,Cooking,test
057bf03d-b337-475c-82a2-79f0b5b6637f,Walking Outdoors,train
05a6d5f7-e1d5-4af3-9ae8-f07d0ac12657,Walking Outdoors,train
05ac2c04-4a2c-4e8a-8b2a-2b60521b9d38,Playing Instrument,train
05d231ed-7457-441f-b8ff-1393576989bc,Desk Work,train
061df4a0-dbe4-4c05-bb44-e7cdc6b235c9,Mechanical Repair,val
06456897-960d-4d0c-8ce2-cd50a5a57bc3,Gardening,multi
064e10ee-10ae-4dec-a836-2ca94b02551c,Cleaning,train
067037a6-71a9-4850-ac51-59183eeb6359,Cleaning,train
067b03df-107c-4b7c-9dcc-eb9cdf56d682,Mechanical Repair,train
068626dd-73d3-4bc7-917e-e12e6445eab9,Mechanical Repair,train
071e9b05-7f92-48bd-9962-e8634d0f619f,Cleaning,train
07287862-edf9-45d8-a33b-853943d3aae5,Cooking,test
073d8415-2689-451c-a43d-147335ef0003,Desk Work,train
0755c2cb-eb91-4e44-aac6-19b5237befd5,Mechanical Repair,test
078634f1-0e81-455d-b771-3d35b65a2645,Walking Outdoors,train
07884569-3860-4a20-8c85-278eefbd678e,Playing Instrument,train
0793bbe0-b8d5-4d46-9f02-c71d1bd4fad2,Cooking,val
07b21cda-51d1-490f-8b47-66babec20ce6,Playing Instrument,train
07b357ce-0bce-4d5e-b7ab-c16f1d4c7de6,Gardening,multi
08bd7380-821b-45b3-8fc7-01a0c6ed40ad,Cleaning,train
08f5fcdf-c038-4e1f-a1e9-b5939900feba,Cleaning,train
090042fc-0539-4a5b-b644-f3f6c8201711,Walking Outdoors,test
0928af96-a3fd-4930-9bc1-2fa43d01bb53,Gardening,train
0971527a-6cd3-4c82-9d94-09b3565f4505,Carpentry,val
099f6f96-5aa7-4da8-a5e0-2e8bc03beee6,Cleaning,train
09c98c4f-dc2a-429b-8afa-624211cd4bfd,Cleaning,multi
09ff369a-a147-4ba9-bfea-499b7fbe554f,Cooking,test
0a01978c-e16d-4587-95f1-49efa3ab15d9,Cooking,train
0a47c74a-dad9-42d5-b937-0f375490f034,Playing Instrument,train
0a90656a-eac8-49fa-a253-78f5626c8d5c,Cleaning,train
0ae6293e-eda5-44f7-b56e-e8f27fcde953,Cooking,train
0aed42ed-ed8c-4dfb-9a7f-bd47cc792633,Gardening,test
0afbf08b-09a5-4c15-a85a-5ebf88866443,Mechanical Repair,multi
0aff43b9-4b48-45f9-b67d-086f9390d8e2,Mechanical Repair,train
0b22b43c-f57e-4f4f-8840-3ca0bf086b9c,Mechanical Repair,val
0b703793-134a-4889-bc40-c19328d8f7cd,Cooking,train
0b8a87ed-07f2-4434-adde-a1c88f4bb30f,Mechanical Repair,val
0b90f635-f966-4b97-988d-6594183bc08d,Cooking,train
0be30efe-9d71-4698-8304-f1d441aeea58,Mechanical Repair,multi
0be670d2-3216-4261-ab73-f9941b69e04c,Desk Work,train
0c2a22d4-8f77-4558-b8f2-2efad1bda1f8,Desk Work,train
0c892917-34b9-4344-a8cf-d04ff885dc86,Cleaning,train
0c8c2f4b-a006-47ca-8826-133af1dfb632,Cleaning,train
0cb2dd94-afb1-4e30-a62f-724f34d81777,Mechanical Repair,train
0cb95a59-008a-4087-b8dc-2299ded5617d,Mechanical Repair,test
0cf71e76-0ed9-4fb9-875f-be49528105b7,Cleaning,train
0d06eef8-db05-441e-b8bd-9087d4279ed5,Mechanical Repair,train
0d1b2c6a-e71a-4aa1-8a40-2c877b34aa73,Cooking,train
0d270946-95c5-4e71-ae49-b9e802548147,Cooking,val
0d825fa6-51fc-41d7-b179-db3b3a0b148f,Cleaning,train
0d8a3e5c-4263-4f80-b32d-39d4f33008ba,Mechanical Repair,multi
0daaa66c-fb5f-4680-b84c-2f65f0f0bd9b,Mechanical Repair,train
0dbabadf-c3d5-4e98-bb20-ce9d930c2474,Cleaning,train
0de39e75-fb19-47d4-818d-fff874b05ab9,Cleaning,train
0dedbbb0-d1a4-4231-a980-2b43acc08cb2,Gardening,train
0e417ecf-8900-484b-bfb3-ccafef9a185b,Walking Outdoors,train
0e529f0a-6432-4f2c-bbd1-e495c019f600,Cleaning,train
0e61fde0-18ed-44df-8328-816a4756f77e,Mechanical Repair,train
0ecba8a8-b84b-4020-9487-600f67f4ef5f,Cleaning,train
0f1024e6-ff80-46e2-aea8-3878f11bc1d7,Mechanical Repair,train
0f39b336-3e41-4305-9325-bb9cd74b8146,Cooking,train
0f809826-2ccb-4a75-abbd-81125f65994c,Cleaning,val
0fa75cb3-c4a0-4232-bdc4-15116ed39d88,Walking Outdoors,train
0fb8012d-430d-4b45-a8eb-5fd8cb43f5b0,Cooking,test
0fe191ef-c28a-422c-aede-46f8aa8532a6,Cooking,multi
0fedfa42-bfda-47c1-8f59-2c91b2c229fe,Cooking,train
10019839-9ded-439f-a573-5ccacd7d829d,Cleaning,train
10167fcf-348b-4697-8506-d2411af13df4,Walking Outdoors,train
105d3303-8e2d-4c20-96ff-e9a8ff325109,Cooking,train
106e9447-8a09-4e89-964e-61c927827a56,Cooking,val
1074214d-81aa-4dcf-865b-29816133d26c,Cooking,test
10a7fd5a-169d-4b0c-ba8b-825af7bd2117,Cooking,train
111ee12a-6af2-4bfc-8586-e706568fd078,Cleaning,val
1120c597-930c-49b7-8a61-f0dce9c31be5,Cooking,val
114cdc4b-4ae5-4938-8218-151e1e35b3db,Walking Outdoors,train
119cd9ee-665e-477c-a271-80c06e78e3d4,Carpentry,train
11f51f72-c0bd-4631-aabb-6ecbe17d95c9,Mechanical Repair,val
1237a78f-3a97-48e6-8ffc-81b49b64fc40,Cooking,test
1246d6ec-5620-4f71-8b4b-d823775f58c2,Cleaning,train
124d8745-52d7-464c-bb46-65b96bbdcffa,Desk Work,train
1252589c-8732-4404-ac89-d57f78634ce5,Mechanical Repair,train
127392a3-036a-4af6-9db9-ca00141229db,Carpentry,val
1286d04f-fe64-45f9-9253-de126f61164e,Walking Outdoors,test
12a0347f-b829-4c86-bf7a-407c96f7ad3e,Gardening,train
12bf3659-40c4-4094-a4d3-507ec04bc512,Cooking,val
12cc8ad3-5cee-457f-8657-1db8ed812558,Mechanical Repair,train
12d9adba-9c43-4445-8d52-9f7c8c169255,Walking Outdoors,train
1321d3aa-dc41-4bee-94a7-559536885b88,Cleaning,multi
1348c9f9-fc8b-40c7-b1ab-5b6281e5d390,Gardening,multi
13ad6098-f496-46a9-8085-c922b0ef99a8,Gardening,test
13af8d02-be9d-4d80-9999-aa4f31c455b9,Desk Work,train
13b99328-83c3-46ac-bf83-43cba4473489,Carpentry,train
13dbccdf-ab84-42ee-ba1c-40cb158b8733,Carpentry,train
13e70b53-abc6-46d3-96da-d30b8327b223,Mechanical Repair,train
141b24d2-2fc1-4f9d-89ef-8dc3055213f7,Cleaning,train
141ce529-f793-48be-acde-24747af68b07,Gardening,train
14644fba-afeb-471c-8d82-2a7783dc67c5,Mechanical Repair,multi
14a81c5c-4e30-43b1-808d-2bcac0b9eeb1,Walking Outdoors,train
14d6ec93-4a74-4776-8837-abe5a305271f,Cleaning,multi
150c104e-f9bd-4a81-b885-0e8b9968cada,Mechanical Repair,test
15260985-2664-4bb5-af9c-d65e11ea8bb5,Carpentry,train
1558e9f2-d7f3-4a23-9627-4240f506d7df,Cooking,multi
15afbcca-8b44-4330-88bd-1de820866b9d,Cleaning,train
15ce76af-7eb0-4d27-9289-c9c71863f603,Carpentry,multi
15d2dc4a-b935-49f4-ae91-4c9100b681c8,Cooking,train
15db3714-87b2-407a-a0b7-574a89aac6a6,Carpentry,train
162c1bc4-89df-4475-a549-3faa7ef27c1e,Cleaning,multi
1635447d-f96f-4f1b-8e02-faaebcd8a6d2,Cooking,train
1680e3e9-d3fc-4903-94d8-aa8e74016d74,Gardening,train
16a1999e-f488-4da8-a367-a037a94ac79f,Cooking,train
16c21f86-6bd6-4dd7-a9b6-d98fa9e47808,Carpentry,test
16ed2ae4-e1ed-4752-a8f6-a47f1544d84a,Playing Instrument,train
17607d8a-806f-4990-b5e7-756b6389c826,Mechanical Repair,test
176e0cc4-f5f3-48a4-9032-7c9c04e003f9,Desk Work,train
17b06e6c-3823-4825-91d1-68a9864bd983,Cleaning,train
17e336f3-3c84-403a-a917-3e7ed6986ce3,Mechanical Repair,train
17f2e8c9-ace4-48ff-9ef9-643715905be0,Walking Outdoors,test
181cfd16-4777-43a3-a0b2-136b4a1cc348,Playing Instrument,train
18323b66-f663-4daf-9f2f-c6db879b2724,Walking Outdoors,train
18a2984e-01d1-41f1-8c0e-2b314c8c233f,Cleaning,train
18be74c1-9b20-41ca-8a89-7d0a1832ff55,Mechanical Repair,train
18c05110-1ef1-4da2-8b59-c80bf0cc9751,Playing Instrument,train
18c12e08-e269-4ba7-bb5c-095bcaf0537c,Cleaning,train
18e08efb-e95e-49cb-bc89-d7695d3a2ab9,Cleaning,test
18edc157-d1d7-4ad6-bfb9-355c14560a65,Cleaning,train
18f5c2be-cb79-46fa-8ff1-e03b7e26c986,Cooking,train
18fc3782-9929-4df3-b6c9-40943de4c22d,Mechanical Repair,train
196e0e8c-f29f-48de-8e1e-ce52c2e76641,Cooking,test
19a49df1-db3f-45d7-92f4-d965ee20edb7,Cleaning,test
19b066ae-77ed-4930-8d0b-2316cd2b5edd,Desk Work,train
1a79947a-72c2-4186-b2b2-463640e00b23,Desk Work,train
1a7e6155-3613-4f55-865c-00e196db0da0,Cooking,train
1a89d7f1-fb77-4aef-a97a-d3d54756a9df,Playing Instrument,multi
1aa9115a-ed78-43aa-a084-3fa62ec69e14,Gardening,train
1b204c9b-30da-47cc-b793-8813169e72c7,Cooking,train
1b21ee39-9ed2-4684-96aa-ffa9a7855f3d,Carpentry,train
1b2f838a-ff28-4e8f-84db-bb46a163eb50,Playing Instrument,train
1b3c0015-a687-4237-abb5-cde1bfd1e85f,Walking Outdoors,train
1b5302f6-b90b-4c48-9eae-164fb7d6b44c,Walking Outdoors,train
1b8ae0ff-b6e8-422a-8c79-c0d6017042e5,Walking Outdoors,train
1b9c07d3-0656-48ad-bae4-cca25f6664c9,Mechanical Repair,multi
1bc1f5e9-9d74-4a07-9d1b-39e5410436b6,Carpentry,multi
1bd3bcfc-c168-43d3-9935-f02e08a55fde,Mechanical Repair,train
1bec800a-c3cf-431f-bf0a-7632ad53bcb7,Cooking,train
1bfe5ac2-cbf8-4364-8a30-60d97dd395df,Cleaning,train
1c795a0e-e718-466f-8bee-46febdc2b17a,Cooking,train
1c95c300-cc46-4e5f-8d81-ffe3b54bd186,Desk Work,train
1cc9c902-adfc-47c0-bf90-76619deedaad,Desk Work,train
1cccdb19-2eb3-4ab7-ab74-58c9b425a68c,Cleaning,test
1ce16a97-f614-4660-b21c-4205b33c8bab,Cooking,train
1d3ef460-0afc-4d50-9701-48204c907b43,Cooking,train
1d6443e5-4ebb-4ccd-b5f3-3b7529376098,Desk Work,train
1d7cd66c-4924-4044-af0a-1ce0130c0b60,Cleaning,train
1d9c3ad1-e00a-4ec5-8da9-734cbac7f316,Mechanical Repair,train
1da50887-dd33-4644-9377-1bf855b86ffd,Desk Work,multi
1def75d5-bd39-4638-8b3d-a4e1c2ceefeb,Cooking,train
1e175348-39e1-4c14-8d3b-affd189eab21,Walking Outdoors,train
1e1f9480-f15b-42e3-9948-08ff3f71e8ce,Carpentry,test
1e5ca2af-3f1b-40d5-b3a7-d712ac4b5065,Cooking,train
1e5cd1c1-7023-4800-b743-16a9c2753ac2,Desk Work,train
1ea5b82f-85ab-4b05-8c55-9cc9ce9b542a,Mechanical Repair,val
1ead2ccf-0c67-41e7-88d3-de7ecd0c8c7c,Cooking,train
1eb500cd-cdb4-415e-8bf6-cc1289edf0ee,Mechanical Repair,train
1ebbf490-8a85-46b9-99c9-cd0f7e3b634b,Walking Outdoors,train
1eea73ff-1781-4a36-9f81-1caf078f9d8b,Desk Work,train
1f82557c-77a2-4245-a66d-5b3ee95a2670,Walking Outdoors,train
1f84d80d-6f8d-4e40-aabb-b33aad3ba594,Gardening,val
1fae6ecb-2ad9-4160-b388-c34e7d018915,Cooking,multi
1fb7b18b-03a7-4a3a-a795-a2da80be3c56,Carpentry,train
200a8f32-c44a-463d-ba39-0190a0bddf7a,Gardening,multi
20400762-1e47-462d-a7d1-64a1b162b1f9,Mechanical Repair,val
206cef4f-5301-4a9e-8f87-1fa3905bf9bd,Cooking,train
2090d1c2-8308-4966-b903-e860b498f4e3,Playing Instrument,test
20aef6e8-db69-4b84-910f-e8d90657cc1c,Cleaning,train
20b96ca4-67e5-41e9-87b6-6683bd641df4,Desk Work,train
20f345f7-d592-4d52-851f-3ee4544a847d,Mechanical Repair,multi
21247536-db56-454f-8781-133fbfabe60b,Cooking,train
214ea47c-afe7-4fa5-a914-8d7f659a2ff8,Cleaning,train
21abd7c0-2527-487a-a249-36d47408bae0,Cleaning,train
21b5bc5a-506f-4f60-a4b9-36e7917908a2,Walking Outdoors,train
2203106f-3b92-4487-8397-9085648f82fc,Desk Work,train
223a838a-385b-46c8-b750-b590580e6cab,Cooking,val
225a1ffe-3e7e-4ff8-a47e-2e80989077fe,Mechanical Repair,val
226397c1-fc61-40bc-8d90-02a2c27ff864,Playing Instrument,train
227165a6-277b-451c-bcda-1d2cf60577ab,Cooking,test
228eb02a-6c89-4aa0-9cd4-0cdab1550c83,Cooking,val
22a3ba4e-c70d-4905-b40f-f8dcfcee5835,Carpentry,train
22a52738-38af-48ec-9d82-02056da79403,Carpentry,train
22d198c2-4057-47b7-978f-90a1599c5980,Cooking,test
23910a31-45bb-4c41-9b74-91ba2bb8be60,Carpentry,train
23a1b043-771f-4769-916a-34163f2ea2ef,Mechanical Repair,test
23d27284-5421-4913-baba-b660fadd1920,Cleaning,test
23e0af07-6932-4ccf-8551-3a720d141b89,Playing Instrument,multi
23eeced2-6067-4379-9ebd-9e263d8171ef,Desk Work,train
245fbc91-5ffa-40f9-ac2d-4008ac8b1dd6,Desk Work,train
24750088-4716-4e6e-85ea-6ecb3bd14eb6,Desk Work,test
24902050-6f9d-42bc-aa7d-ecf468d89eef,Carpentry,train
24a02211-4687-49eb-b1e3-cf325e0629e7,Desk Work,train
24b995e8-9150-43be-953c-f96959c151b5,Mechanical Repair,val
24dbb9f7-82c9-4147-97c7-fb0e0cb94a90,Cleaning,train
25207f6d-f2d5-41be-bd41-3ffcdce76a94,Playing Instrument,train
254029e5-fed4-40a7-bef1-12b9faff3202,Walking Outdoors,val
254e8485-eb84-461a-aed5-a71716588fad,Cooking,train
256701cd-3317-47ee-b6e3-439dc2ad2bd5,Cleaning,val
25ade38d-3e6b-4aa1-851d-7fbf791201c0,Walking Outdoors,train
25b2f1d5-7266-401c-bdfa-32944607f564,Mechanical Repair,multi
25c59c93-11c5-4240-bbc3-c4dc74e6620c,Cleaning,train
25eca07b-a5e2-433e-b7c0-24b5d8e153de,Mechanical Repair,multi
26054ab4-4967-47b5-9b6c-e8a62f9295e0,Carpentry,train
261a099c-8049-4a40-a50d-12664afa22a1,Mechanical Repair,train
261edec2-f089-4a74-b25f-ddf32c92f90c,Mechanical Repair,train
263105fb-18d9-4628-90b5-c5e7b228c705,Cooking,val
26718e04-3f7a-443d-a589-ca814f05b60e,Desk Work,train
267aa640-f3d0-4288-96b2-6ecf32b23198,Mechanical Repair,train
26a56478-0c95-49b7-bb5e-1caef7750633,Playing Instrument,multi
26b4e1c1-54c7-419f-b2d3-63ea52fd3540,Cooking,test
26dc2fae-b3b5-4c4a-ba51-efc6bc740f52,Carpentry,train
26f1c77e-814e-4609-ad67-12447d1627e1,Cooking,val
271d7528-09b8-4649-bb55-183a94d6a626,Playing Instrument,train
2763dbfc-8488-4264-b31f-4b12096c4c4b,Mechanical Repair,train
277e72e5-013a-446d-8463-778f1c786105,Mechanical Repair,train
27ddfcaf-4c2c-4193-917d-22ff60222a60,Cooking,multi
282c73cf-c710-442d-98fb-3f5a6f4265c2,Mechanical Repair,train
2876b375-e848-412c-8a6f-0664cbab6a33,Walking Outdoors,val
2897e989-e955-4280-a230-4f8d288a3a4b,Carpentry,test
28bc1ee7-b0c1-4f30-934a-0ab665779d90,Cooking,train
28d73c89-e96d-4296-876a-329f908aeac6,Carpentry,train
28ff9118-e876-497c-9901-cb89a62509fc,Walking Outdoors,train
291953b9-d7f3-403b-8b8a-7aa935847064,Gardening,val
2931b191-15a1-4420-8b49-c2a59fc8912f,Carpentry,train
29381989-7537-4f7b-a2ea-612dde89bf68,Cleaning,test
29586f72-7e63-45aa-b4f1-38a6e615e46d,Mechanical Repair,train
2970b84a-d6cf-4593-a487-53f853f0418f,Cooking,train
2978ddbc-cdc9-4bfa-9a7c-4bf056904010,Cooking,multi
2991b1be-bdae-4fa4-a529-ac46cefb4487,Mechanical Repair,train
29928d46-5209-4d00-9fbf-b5c056845ded,Mechanical Repair,multi
29e193be-b903-4b6d-a5b9-5c62d8e2b913,Playing Instrument,train
29e76c5a-af89-49b5-8f6c-d83ea70c9951,Cooking,test
2a00e878-bd87-4d39-91c4-f27fcb7b5feb,Mechanical Repair,train
2a454725-afcf-4c67-ba47-cbf4877bc253,Carpentry,train
2aadf66e-5721-41d3-8eca-1b286e1c3cee,Cleaning,train
2af3d6a1-36bf-48b5-a272-c03a960c608e,Cleaning,train
2af7c658-0b4e-4f3c-b72e-ab77a06e1765,Cleaning,train
2b0086a9-6eba-45de-9ad7-e3dc5f533031,Playing Instrument,train
2b0d2089-36dc-4579-91c7-fabb05c5afd1,Playing Instrument,train
2b21ad6f-5e35-485b-8f3e-ac6dd1551f62,Carpentry,train
2b5569df-5deb-4ebd-8a45-dd6524330eb8,Carpentry,test
2b9a1020-d876-4a3c-9837-4c9ba560d9d4,Walking Outdoors,train
2ba0becb-58c2-43a1-97bb-7e153a34eb47,Cooking,train
2bd1593c-ae88-417e-827f-3997201da229,Cooking,train
2bd5c29e-ef5c-451c-aa2e-961d4257de9b,Cleaning,val
2c0c6508-397f-4c48-aeb7-abc7a3cae8d1,Cooking,val
2c27b5f1-4af6-49ad-a43c-3efb0c150868,Cooking,train
2c84e6a0-2a0b-4de8-ae99-aedbc871dffa,Playing Instrument,multi
2ca764bf-10d3-4a76-8ec2-e7eec63c6e34,Carpentry,val
2cb383c0-4c33-4eed-9279-91521ff19cbc,Carpentry,test
2cc2710e-aae0-41eb-9a70-deb9217bb7ea,Desk Work,train
2d0c81c8-d7ff-4240-9ee7-4c71c152fb0a,Carpentry,val
2d1baacd-d82b-4e0c-9d85-b420fb9bde91,Cleaning,train
2d1bf98e-a133-4f63-bc1d-91f718078a52,Mechanical Repair,multi
2d25e199-9b83-4fa5-b568-684107bb5894,Carpentry,train
2d386a76-9ef1-49ff-982e-d5e403bba456,Carpentry,train
2d442f12-3595-4b2d-b8c5-583b65c0c49f,Walking Outdoors,val
2d84b078-6f77-4964-a74a-b916153f83b7,Mechanical Repair,train
2d9e0fc0-2cc7-4cab-8006-4bc530e252cb,Mechanical Repair,train
2de56aa1-54d3-4d99-ab0d-6610560f30bc,Walking Outdoors,train
2dec618c-137e-47d5-9f0b-f927a407eabb,Carpentry,train
2e04b2bb-e5d3-4f66-a16e-f7756e14e749,Walking Outdoors,train
2e509e19-90ec-40f0-904e-2f5d0057ed6a,Cooking,test
2ef8d712-0024-4be2-af93-691699953343,Playing Instrument,train
2f0035c9-7efb-4229-9d94-4dcb3752da20,Walking Outdoors,val
2f16540c-5349-4580-a644-6e0a79b2689c,Mechanical Repair,train
2f6da5f6-e26c-4ac3-8f71-12386f7588e2,Cooking,val
2f749634-a362-4288-aad3-f27bfd34dd66,Mechanical Repair,train
2fa72a4f-b318-4e04-97b8-efdc3b039258,Desk Work,train
2fa81cfe-e0d4-42e5-be39-e14287215bd2,Mechanical Repair,multi
2fb3b1d4-1360-4a95-931b-936b4b962a42,Mechanical Repair,val
30b9ff64-51c8-4481-ba6a-733ea2060aef,Walking Outdoors,val
30c629f8-2f20-4b2c-b14b-db8dcf33039b,Walking Outdoors,train
316f1dc1-6e11-4a53-a9ed-1fcb4370dbdf,Gardening,train
31cbf7bb-d464-4ec3-bddd-c387766f8572,Cooking,multi
31e21213-c8e6-40f4-b498-98db071819ed,Cleaning,test
31e5320d-15c6-42fe-bd89-085eda906806,Mechanical Repair,train
3249fbee-78f6-44d9-80b9-b38a37bbaf6e,Cleaning,val
325e1bf8-56d8-414b-9e78-07eebe04c13e,Desk Work,train
326eb377-b02b-43c8-b736-43057a9355a8,Mechanical Repair,train
32b4bde9-7d56-4e58-a3e0-b97abc05303d,Carpentry,test
32eb7ed6-bea2-4b2f-a201-22e8f1f70caa,Cleaning,train
33957db3-d49d-4e0b-91e9-e917e731c563,Carpentry,test
33a9701c-625d-4500-8ef3-f39bd1f6dc1d,Cleaning,train
33fced0b-4bf6-4989-9174-cda7bb51ecef,Cooking,train
34075e2a-e987-4af1-ad04-f2f4d3ae97ab,Carpentry,train
3410d16d-3450-440c-bd3c-e8140e1facce,Cleaning,multi
34240230-b681-4f0e-b3d8-b486aeb1104d,Carpentry,train
34250d8a-e771-468f-8b54-17f14d0cc53b,Walking Outdoors,train
343ff902-f0c0-4931-bca6-872ff9066fec,Gardening,train
34af64b6-2135-43dc-9a33-2899d92a0c8e,Carpentry,multi
34b5b205-f969-4196-b036-8b3adf75d71b,Cooking,test
34de7377-879e-4f37-bd0a-9aab8593210f,Playing Instrument,train
34f1149c-d8d5-467c-9e3c-3b59d6393f41,Desk Work,train
34f3b964-8543-4963-b3b4-27934be7cff4,Playing Instrument,train
34f523f5-adf8-43eb-92f4-8274cd221009,Cleaning,train
350bb53d-6da1-4c1f-b6a8-3a41d21a9728,Mechanical Repair,train
35384a66-1837-4f9f-ba43-0f72c63597f4,Desk Work,train
356661f5-767b-495d-95c7-03dcc46f85c6,Mechanical Repair,train
35b1a8c7-80fd-402f-b240-768926b7bcee,Playing Instrument,train
35b37e37-6bb1-4131-be37-693e9b794a97,Playing Instrument,train
35c31ba5-2b1a-40da-a5cc-e098465759b8,Cleaning,train
35e004f4-ad64-4835-9358-38a58b431252,Cooking,train
35e99add-3528-4a1d-be1f-137ccd1489e9,Cleaning,train
36224c74-dfb0-44c0-a59e-e35d874f39e7,Cleaning,train
3625b3d9-e323-4c05-a27a-aba79f01a5bd,Cleaning,val
362f038d-f556-456c-a9c2-eff131771daa,Walking Outdoors,train
363b5839-a7c3-4c2e-b966-9530e38045a1,Carpentry,val
3663482b-968f-4956-8fb8-0b127a4233ec,Desk Work,test
368e4468-1f75-4cdb-a9d0-9b8982a3cbef,Walking Outdoors,train
3698745e-6d18-43ce-a5f9-40dcf84e83b0,Walking Outdoors,train
36bff607-9c5d-43f4-97d2-38ad79e5220c,Mechanical Repair,multi
36c772e4-8503-4622-98e4-affe6097dd24,Cleaning,train
36ee5431-8d3f-4773-b158-2b42932666aa,Playing Instrument,train
36f976f4-ba4e-4564-b970-82f8692b8c61,Playing Instrument,train
374832bf-f977-4e8b-b0e0-2f2ea1e38b5d,Carpentry,test
375ca7e7-1e3c-4159-9f7f-4691ef11f322,Cooking,train
3787c0d0-4350-4008-ae4c-0544d439677c,Cleaning,train
37efc685-767a-492e-b2c3-d60833ee8232,Walking Outdoors,train
37f4000f-e934-4799-957d-e89dc504fd07,Playing Instrument,train
3817b065-3d46-44ff-b6a6-8c4d646165f2,Walking Outdoors,multi
3827b055-911f-4aff-8a00-7c92280faa1f,Playing Instrument,train
3837916b-c0e8-4359-8a73-524d40660731,Mechanical Repair,train
38458bd8-964e-47b1-a1c8-504ba728b91f,Mechanical Repair,test
38473fe0-8311-44f0-a976-46a1eef5c6d6,Mechanical Repair,multi
385e21d8-e96f-4824-8a1c-44f97d6cc139,Mechanical Repair,train
38635888-7149-403b-8601-e3862b1ee8dc,Walking Outdoors,test
3863821d-786d-4ce1-8cd3-5c56953d4ff7,Mechanical Repair,train
388a57b1-698c-443a-a8c4-6cef0ca15066,Carpentry,test
38ead8a1-4d57-4bfb-b7dc-a9785b22f93a,Cleaning,train
38f872c3-7300-4c7c-a2be-614ddb415ce7,Cleaning,multi
39011e23-5fe4-41cd-b146-f3f9e3f3941a,Cleaning,train
3906d25a-d0a4-4a7c-8906-a87cea106c66,Gardening,multi
391d3aba-45ea-4b6d-a8b1-044170686984,Mechanical Repair,train
398ad750-86ea-4298-a97a-b6b689f1ad13,Desk Work,train
39cfed05-9a45-4d70-9ee8-f6579380f6e3,Cooking,train
3a0371f1-204f-46eb-94ae-c1862e0ce398,Carpentry,train
3a821d95-cf27-4963-a1c7-d4e3f6c7c3c2,Cleaning,train
3a8774b9-ea4d-439e-a862-b29b29df999d,Cooking,train
3a9464f8-5025-4a79-ac94-9e3d51f1ef49,Cooking,train
3a9a814d-222f-4712-97b4-a71d9f8b5a4a,Carpentry,train
3a9de361-3047-4fec-a934-14310ef40233,Mechanical Repair,train
3ab6e09b-05ed-4678-91db-fb7b146248f2,Walking Outdoors,train
3ae7ab6b-793e-4a77-9749-010c94b1b0ee,Carpentry,train
3b021bad-6945-4be2-a7db-44af3db1eae8,Walking Outdoors,train
3b2ed5b4-9137-4d2c-bd31-8dd7167747b1,Playing Instrument,train
3b3547c9-c1c3-4656-b33a-6c7e091ef5cc,Desk Work,train
3b47e163-76ea-4eb5-9a99-afacf6fb41ec,Desk Work,train
3b4a581f-2de7-4089-a3aa-8a28cb920331,Cleaning,multi
3b609b23-f91d-43da-9918-ce928181f53f,Mechanical Repair,multi
3b7d314b-9c2c-466e-8b73-495a61e4d059,Desk Work,train
3b856ad7-6781-473a-b528-357dafb153ac,Cooking,train
3b8a77f0-153c-4e93-82f9-ae2aa84596ed,Carpentry,multi
3b989129-a310-4aa9-85f5-e5e9a90df99b,Cooking,val
3bba24a5-f80c-4798-96a8-96687b4aba60,Carpentry,train
3c0dffd0-e38e-4643-bc48-d513943dc20b,Cooking,train
3c630fe7-c982-4789-a633-99d296763141,Walking Outdoors,train
3c6ac251-4298-4421-be93-9262bcdbc320,Cleaning,val
3c826d8a-22b9-4083-a315-2aeee7bde095,Playing Instrument,train
3c97245a-a598-445c-be00-61ff71313528,Cleaning,test
3cbd049a-0d7d-410b-b9b0-761efb801c8a,Playing Instrument,train
3ce27068-44ba-4593-aa26-444ce0616150,Cleaning,train
3d3d831b-34de-4d87-8155-f97a8b84b686,Cleaning,train
3d3f58f6-5055-4d70-aaf9-15cc853d7c5d,Cleaning,train
3d751dba-7897-4ad2-8baa-2569f32dbe6d,Desk Work,val
3d7ba3f7-f393-41ec-88a2-c33b82ec8c47,Cooking,train
3d8f5230-0c22-4018-86b0-e6d851b74b11,Mechanical Repair,multi
3de8336c-a505-46eb-bd9c-01d9fb9ce168,Mechanical Repair,train
3dedfa92-4e30-47ed-9611-aa4f79a32a13,Mechanical Repair,train
3e287c36-44a8-4871-b090-dbd352392181,Desk Work,train
3e7e162a-1cb3-4bdc-b6c2-e14845298360,Mechanical Repair,train
3ea50df8-ddfb-4553-85cb-ee37676c4550,Playing Instrument,train
3ebd870a-d4bd-488d-bd5c-5a606747ad84,Gardening,train
3ef5b4d9-c030-4d52-8452-4261f34cbc97,Walking Outdoors,val
3ef7fcd2-ae08-4cb6-9e04-8dc09c94a289,Playing Instrument,train
3efbad19-b258-443a-8f71-d4f7e4f8aef1,Desk Work,train
3f0aa3e8-6c8c-4eab-ad6e-00d3876768d8,Cleaning,multi
3f4bc54e-cddd-4255-973a-e9717de113dd,Cleaning,train
3f6e7d56-6bf0-43d6-81cf-2bd11827455e,Mechanical Repair,val
3f7ca133-cc34-47a3-aed5-0d312a9ba5a5,Carpentry,train
3f84646a-f40f-45af-a406-eb3353161c5a,Cleaning,test
3f8dbb4f-ad5e-4d54-bf95-3ddbe968a85d,Walking Outdoors,train
3fa54ca6-3988-4a7f-9295-41236f4ee925,Mechanical Repair,train
3fb3f4e8-5620-4632-ab68-0b01f9f17577,Playing Instrument,train
3fb410d6-e5aa-49d3-b184-75ec9651550f,Walking Outdoors,train
3fc288bb-1082-4ec5-96a7-75bb61144b11,Mechanical Repair,train
3fc60e72-91ad-4320-bd07-1cf753f4a5f1,Walking Outdoors,val
3fe7b8aa-51ea-4f9f-b7e5-94f752a85690,Cleaning,train
4050e70f-913f-4d2f-9bdf-0efd02916978,Carpentry,train
406dd4ef-ac1e-48cc-be05-40dab5979549,Cleaning,multi
407deb0a-6dad-4c1c-8a81-1079f0b9823d,Walking Outdoors,train
407f8e81-9a21-4d21-ac02-dff9058fe61d,Carpentry,train
408cd48d-2156-4d5c-b8fd-8beccf301066,Cooking,train
40a4de2a-a6e6-46eb-a7cf-cd79fae7c5f8,Cooking,train
40a83cc4-0e1e-4de4-8a7b-d028ecd0c214,Carpentry,train
40eeac41-9ec3-4960-b0b3-77074a6ad5b3,Carpentry,multi
411879b5-9776-4ffd-9af5-66897a078bed,Playing Instrument,train
41309ada-0a81-47b2-bdd1-453a178db18a,Desk Work,val
414d6a22-44f1-438d-9561-4a111d94110b,Playing Instrument,train
414f3e08-b515-4c9b-9d9f-eeccf586fb3a,Cooking,train
4164ea72-e2bb-45a3-95b2-53c7e28d4bd7,Carpentry,train
41d1921d-273e-4a88-b05c-042d6592a5f2,Cleaning,train
41e19b91-3be6-4b90-b8dc-24d2551fcbd1,Playing Instrument,train
42263a6a-e984-4dd9-82db-a43d6e879c8f,Walking Outdoors,train
424869c2-1d97-4754-9b06-82898ca0e888,Carpentry,train
4267a3f1-0903-4272-9085-3ef9364c288b,Carpentry,train
427e5454-59ad-41fe-88b3-9d77252132c4,Desk Work,test
429f6fd5-d841-44b3-a433-347421c06a5b,Mechanical Repair,train
42ab8b4d-f8ad-43cd-9e34-7d1f4472d64f,Cleaning,test
432cb803-6be5-47bc-8443-6bb5b9051667,Cleaning,test
43383e0d-02c8-4da4-8365-ccb3e6d55eac,Cleaning,train
434a5651-9901-4b32-b782-d9a2bb52e805,Walking Outdoors,train
437480b7-a1df-41e1-8dde-61c9955e8b9d,Mechanical Repair,train
438d4a92-1965-4854-969d-cf84f0eff028,Walking Outdoors,train
44271ca2-afea-4ae1-8f09-52236b16f151,Walking Outdoors,train
445fc552-20bf-49fe-adad-a5c5882f5c73,Walking Outdoors,train
4469a684-b4f9-4b50-a26f-2943f477a420,Walking Outdoors,train
4474c9c2-9d20-46fd-8fec-7d64942738e7,Cooking,train
449763d0-a924-40a4-8830-01e7028f9428,Mechanical Repair,train
44a65997-a52f-4e79-b4bf-cc1d74e39bc2,Desk Work,train
44f4d3f3-728f-4013-9371-8e7d8b9408a1,Carpentry,train
45219b12-3546-49ff-915a-e802739190c0,Mechanical Repair,test
453dc4a1-57b2-4803-9156-cf30016c3a79,Walking Outdoors,multi
4572b198-2c1c-4920-bcf0-95fcebe12261,Cooking,train
457ddf5b-8154-4099-aadf-df0c08fe15a4,Cooking,train
45bf438d-0cbb-40b8-be95-58204bb3c6fe,Mechanical Repair,train
460e3501-ff8e-4dcf-b47b-c298b9c46006,Mechanical Repair,val
461968b1-9300-42ce-9059-db5e37e34460,Mechanical Repair,train
461ed176-b687-404b-bac7-2a371c57daf0,Walking Outdoors,train
465282ac-5fea-4571-8328-665a693b97cd,Carpentry,train
466019aa-4c4c-415a-b8b6-a87c0a61fe8f,Mechanical Repair,train
46937f34-8c29-4daf-93ef-966b78e161cb,Mechanical Repair,val
46f5a400-654f-4aa3-8185-da5ea97bc1a6,Gardening,val
4705aeac-ccbd-4463-8bb0-36120e5a382e,Mechanical Repair,train
471d6c21-5f4f-46e6-ab9d-e332c9542e49,Playing Instrument,train
47249b6c-5d9c-44dd-9ab9-a68fa59ccb3f,Walking Outdoors,test
477feff8-a1ff-4f43-b726-273ca0fa47e9,Carpentry,multi
478ba7c0-bd0f-4d0c-987b-0d595e07855f,Walking Outdoors,train
47bb1fd4-d41f-42b4-8d0c-29c4e9fdff9f,Cooking,train
47bc4f2e-c374-4585-aafc-d919fdd5d484,Walking Outdoors,train
47c9a6a5-b6e4-4d09-8916-da61344e94cf,Carpentry,val
484249cf-8898-4d7a-bb1f-18bcbcf4dce9,Mechanical Repair,test
487d752c-6e22-43e3-9c08-627bc2a6c6d4,Cooking,train
4884c61e-a61b-4ba6-8071-4314c6c217b6,Mechanical Repair,train
48b5f66a-1746-4763-aff0-8156725a17d9,Walking Outdoors,train
48d07017-2af5-41c3-83a7-814721012f94,Cooking,train
48f787d7-6d1d-49c5-a587-99879724707b,Playing Instrument,train
493185d1-62d9-427c-b9d6-3f5af7a5686e,Gardening,train
495172da-f1f8-459e-bffa-e8cec7dfc52e,Cleaning,test
49888696-0791-4b97-8e11-9b712d73b03e,Desk Work,train
49adedbb-e104-42c9-81d2-07d6541353cd,Walking Outdoors,train
49bcf278-4879-4a6d-827e-252e824be525,Cooking,train
49d911e6-b9c7-4709-ace1-f3ee7c05d5fa,Carpentry,train
49fef38f-ae86-498e-b63e-a89d97e809b5,Walking Outdoors,train
4a091f2f-d14d-474f-b8a2-f7e2493d5cd4,Desk Work,train
4a3d2db2-1b82-40b7-8a6e-52b6a2fe2b2c,Carpentry,test
4a3fe6c1-bfdc-4bbb-a430-3cc19fbd484b,Cooking,train
4a758e36-ab98-4bbf-aefb-c84df5f1e25e,Mechanical Repair,train
4aad040a-2125-4bbc-8bae-241ef23824d9,Carpentry,train
4ab8fc08-2ae6-4b27-8c72-e9700e0161bb,Cleaning,train
4ace159b-7af8-492b-9910-e14a5cb72d1a,Mechanical Repair,multi
4aeb7f3c-855a-4c66-b3d9-02b0eb963883,Mechanical Repair,multi
4afc7a4d-9874-43ad-84cb-7209530292b9,Cooking,test
4b0025fd-2d90-44ca-850b-e0d2131f6af1,Walking Outdoors,train
4b519bec-23da-494a-921f-ce926f78c6ac,Desk Work,train
4b5de875-cc82-494e-b768-8ac0ae3bb279,Playing Instrument,val
4b97cf1d-4989-41d8-8b9e-f6b3d648d9d0,Cleaning,train
4bc033f3-9bfe-4b00-8595-09148707bb02,Cooking,train
4bd37cff-a43b-4843-b0ff-06ecfe00017e,Walking Outdoors,train
4bdc80b2-bf82-4a33-a712-fce1775e610a,Gardening,train
4c18629a-ac33-4939-badf-6e8477b2aee7,Cleaning,train
4c1a9fec-4ff8-4ca8-a70f-58bcdf305a90,Desk Work,train
4c53aaac-76f0-4874-ab1c-738286b9698e,Desk Work,multi
4c6f009a-f0ca-4557-8723-4111761e0a9a,Walking Outdoors,train
4c9777fc-1997-4dc8-a2d2-ea59c50b32f4,Walking Outdoors,train
4d1b11b2-e53a-40a5-a3a5-2b2441c60e17,Cooking,train
4d8a0a06-ac77-4c0f-a699-520566300df5,Cleaning,test
4d95da89-5c7c-4c47-8772-e783db6d7c0c,Cleaning,train
4dc1caff-6353-4a05-9382-92031b25f783,Walking Outdoors,train
4dc58b9f-75f4-4f27-aa19-2b8ebd1daad6,Carpentry,val
4e3fc1e9-424f-4921-9068-d468c135f347,Cleaning,train
4e3fd705-5ab8-4672-817d-37627660880a,Carpentry,train
4e45e98f-c09a-4bb2-bd4f-5fb0f1d504f1,Walking Outdoors,test
4e554e70-de52-4f24-b5f0-78012b57c5c2,Playing Instrument,train
4e880bf0-145f-4ab6-b015-476dd6b73dca,Playing Instrument,train
4ed53432-e1f5-4e3f-a614-ffcaff444aca,Desk Work,train
4ee4d53c-82d6-4900-b3e9-91ddf911bc5f,Desk Work,train
4f2b15a4-9802-4ed7-8911-4b8c352ff10a,Desk Work,train
4f71337b-ddf2-4458-8eff-078521dc169b,Playing Instrument,train
4fc422f7-d6e1-454b-b11c-f6c2a4b9fbcb,Playing Instrument,train
501d1e55-968d-4c10-9d29-e0f4bee907a0,Gardening,val
504315c0-17fd-4259-9d2c-fd2b25fdcbea,Gardening,multi
50444259-3a59-4f0a-b846-ac0c1b32b5ca,Cleaning,train
5059d234-992a-48e6-a9e5-c5777943ecfa,Cleaning,train
5063d3be-60e0-4970-9948-ed529a8c5eed,Walking Outdoors,train
50a395ca-e434-46f3-a2f8-67fc4ca3874b,Mechanical Repair,multi
50b64e18-500d-49f7-8ef1-17c78ebcc2db,Mechanical Repair,train
50e55c8f-b939-4b5c-86b5-e0b53d199d27,Walking Outdoors,train
50f31d76-6f29-4f80-b654-9437a0113bf5,Walking Outdoors,train
50f60d14-4b1f-4f7f-971b-f887aa3e0320,Desk Work,train
51211aef-2c3e-4e63-9f29-45fe1794797a,Cleaning,test
516c9abc-dbf3-4f87-b78e-db0ab9d657ea,Cleaning,val
518167e7-59ef-4c60-a2aa-d450236bfecd,Playing Instrument,train
51eb2565-5911-45c0-9472-23c5b3400840,Cooking,train
51fc7393-cb83-4178-9ade-6c7853a001e0,Cooking,train
5219d958-3e18-468f-b789-baa6d2f72e9b,Cleaning,train
522a57d5-5b89-4daf-8bcb-36ed2ec80fcf,Playing Instrument,train
52473323-1ba4-4c7f-8018-49bfc8d8c0f8,Cooking,test
52778079-3106-4b2c-a694-e4961e5721bd,Carpentry,train
52b42c33-ac42-435a-aef0-2b00d43516ec,Cleaning,train
52b99e0c-0f75-43fd-abbb-84ae2389c9c4,Cleaning,val
52d248bf-0d93-4418-a767-c4dd3cc2d668,Mechanical Repair,multi
52d7e473-06a6-4464-81f4-08199bf5cb6a,Desk Work,train
530277fb-916e-4d99-b3df-19fb06403a93,Desk Work,train
5330b145-fe2b-4741-90ee-4e9da735fa60,Walking Outdoors,train
53443703-0ad4-44b9-9be6-041e01b26e4e,Playing Instrument,train
538c2f0a-f89e-47b5-b012-047a1b98de27,Cooking,train
542bd8e2-37a1-49be-8f4c-0fedeb1cc9f1,Mechanical Repair,train
54389f9b-eff9-49e1-9da9-f2ad86254515,Cleaning,train
54676f57-9218-4c14-8b4e-116e61797de8,Cooking,train
546e4806-a7f5-46bd-bf65-7737db2c5594,Walking Outdoors,train
5474eff5-4722-4d8d-8f04-ff32ab411a2e,Cleaning,val
54843f87-c3c1-40a3-910e-5e72540995d5,Cleaning,train
55301af6-c76b-45ae-a7b0-0135f9b5c06e,Carpentry,test
554b7620-a064-44cb-9ccf-931301f195f9,Carpentry,test
55510a84-858b-4857-bb9f-6a923b5f7882,Cooking,val
555f5092-cead-4637-b921-db0f0e50b416,Playing Instrument,train
555ff1a5-c30b-434c-a251-b5105cdc1fb9,Cooking,train
55ced083-da04-4853-acc4-53ae68c5d283,Playing Instrument,train
55cf338b-c86b-4f6e-85fd-dc4b722d1967,Cooking,val
5607d99f-d48e-484a-8d35-50f3be65fde4,Walking Outdoors,train
5613f20a-991f-43c1-9a7d-87632ef6795c,Cleaning,val
56723ca2-d092-4a6d-aa2a-25669f6644f7,Cooking,test
569173d2-f5c0-4ccd-a04e-0b79f824aa2f,Mechanical Repair,train
56a3b49c-6979-4253-9ff5-2733c3e2f229,Cleaning,train
56ac9772-88bc-4b59-bf59-47e09b4d1273,Walking Outdoors,train
56bfc9ac-00f4-41ae-8112-3851c538d9b9,Cooking,val
56d0a3e8-58c0-4d4d-b1a8-097b8cabcc95,Desk Work,train
56e92c65-c82e-413b-aaf9-26a0dd5fbbe2,Cleaning,val
57433609-a139-4d16-9202-c138939b143a,Carpentry,train
575dbff3-44c8-4fda-92f7-fbf3070f8789,Cleaning,train
57de9622-1f5b-48e4-89b0-9f364fb1bf3c,Walking Outdoors,train
57ee481e-2386-4a28-8d4c-ed8c9bdf08d8,Desk Work,val
58365f2a-f88a-46f8-9572-3fdbfd693c82,Cleaning,train
584f625d-15b0-49e8-bfa6-718b9cf010e0,Walking Outdoors,val
584fd34c-9bd5-44fd-8266-9d3161d8c790,Mechanical Repair,train
586cb628-4f39-468b-b561-7e3e3e8e2125,Carpentry,train
589fd5f5-bccb-4820-b248-87054fcade25,Cleaning,train
58aff1ab-21a8-4ba3-a006-8d3bb12b2ccc,Cooking,test
58b068dd-758f-43c7-8cd5-d17cc1aafb5a,Carpentry,train
58b2a4a4-b721-4753-bfc3-478cdb5bd1a8,Cooking,train
58baa94e-8a14-4608-907b-ddcda8cd7e21,Cooking,train
58e39e0e-9bbb-4e7f-98b4-14b2fa325fa3,Cleaning,train
58f1ec2f-7156-45f0-8d29-6dda9675b467,Carpentry,train
590ec18e-a6c7-4457-bef6-75b034a4938c,Cleaning,train
5919134e-8fe9-4043-9fcc-5ff02da8e890,Walking Outdoors,train
592a72c3-57e2-44b4-b8bf-b219fbb0aa1b,Walking Outdoors,train
5970d966-cbd4-4fc0-8590-bffc9935bf10,Walking Outdoors,train
597b1ca1-e2ea-4a0e-8be0-31b713151ba2,Cooking,train
597c6e1f-4a54-4688-a24d-52bf8f458730,Carpentry,train
59815805-de31-4993-8f5e-f12b1537bcfc,Mechanical Repair,multi
59867cc2-3e1f-4dea-b4d7-dbaf55982e72,Cooking,train
599037f1-5825-4315-a75d-9a50d16959b5,Carpentry,train
5aaecada-5733-44e2-8e1d-0b95f51af0ee,Playing Instrument,train
5afe1e42-d44f-4c1d-bfd1-84de861b4492,Cleaning,train
5b0b0b85-4238-4b95-aaa6-dce4011eab86,Walking Outdoors,val
5b2ffccb-a891-4d76-a271-abbcbf7e894b,Desk Work,train
5b97f47f-f015-46f3-8879-3fcc2a61a728,Carpentry,multi
5ba787ab-4634-451a-b988-c467f4a7fccb,Mechanical Repair,train
5baf4e1b-582a-4fbc-9391-3e794057c759,Cooking,train
5c0cd8bd-21ae-4e5b-91ed-b3142af3c50f,Playing Instrument,val
5c1479d7-626d-446d-b75b-ca1ea046c1b1,Carpentry,test
5c16c4b4-8065-410a-8160-8da3b2d0e57e,Cleaning,test
5cae3bb3-1e1e-4b9f-82e8-87dbaad8f73d,Cooking,test
5cd2b2de-cda1-4a06-94ed-1b1d74d75d0c,Carpentry,train
5d1dc663-3550-47bb-97a3-6fe8b56ec715,Mechanical Repair,train
5d2043c0-6982-4259-88bd-b4d0fc5d789a,Cleaning,val
5d331f41-ebc7-4eaa-8676-501a94a004d4,Mechanical Repair,val
5d511be2-5a9a-4776-ad5e-c0e3a00dfb07,Carpentry,val
5d8ebbea-6371-4be5-b611-751fb49ec294,Cleaning,multi
5dc1c853-352d-49ae-886a-b72f6d6e70a4,Desk Work,train
5dcbcc43-6220-457a-8e79-36ef9997eb90,Carpentry,test
5e64c89d-34ce-49a3-949a-dc90385cdbcc,Cleaning,val
5e97e33c-b3ca-48b2-9e7e-069fe39199fb,Mechanical Repair,train
5e9e692b-dd68-4618-bfa3-012a7934abc2,Cooking,train
5ed33a0e-3786-471b-9642-0a386c6fd8f3,Cleaning,train
5ed59c41-af9e-4368-a0ce-30d536d34895,Cooking,train
5eed1db0-2136-4c61-8122-06cfbba28c96,Playing Instrument,train
5efa966b-01b6-4bbb-a4b6-702ef89c3a10,Cleaning,multi
5f2be256-1298-4876-a310-cc9c7e80774a,Mechanical Repair,val
5f2fe227-e8fc-4635-8b3e-2f56e9be61b5,Mechanical Repair,train
5f6f87ea-e1c3-4868-bb60-22c9e874d056,Playing Instrument,train
5f7c489b-bfa0-4aa7-b707-45d12b2b114a,Mechanical Repair,train
5fa671a8-c6c9-40bc-9d3d-f97d94133965,Mechanical Repair,multi
5fee12e8-d65f-41f8-992d-5501a4c0aa2a,Mechanical Repair,train
5ffe23d7-77a8-4e8d-bacb-d6bc022f0eef,Walking Outdoors,val
603a427f-9191-4ca4-a1b0-dd3c5e7fda70,Cleaning,train
60807cca-d8a3-4e5a-b1ad-3eef0f87e73e,Desk Work,test
6099730e-7a7c-41ce-8266-83a9f00cacec,Walking Outdoors,train
60bfacbb-063f-4e3f-bc74-fe993c7a521a,Cleaning,train
60c0f9fc-0a5b-4a1e-87b2-5ae17ec289a3,Carpentry,train
60c1aa5a-9682-4576-826d-25a1e1075982,Playing Instrument,multi
60c3c7e8-9795-4ef3-9717-25acabd688fb,Desk Work,train
612f93fe-6a51-4c5f-abcd-430d9eb7d69a,Playing Instrument,val
615c5cd1-1dab-4667-94ce-30bfe52e7cd4,Cooking,val
615edb9e-bfc7-4080-afb3-d29e98ce2216,Walking Outdoors,train
618ea0d8-4d8a-43d1-92b3-b55a6f85328c,Carpentry,train
61a437a7-f30e-427f-a5a9-b6d41a7ad499,Playing Instrument,train
62117f20-5e86-480d-b0c5-277f9ebc3615,Mechanical Repair,train
6235b5be-d347-4031-8d14-4b70a571c215,Walking Outdoors,train
6269fa52-58af-46d3-9a4b-7aca66c3b622,Mechanical Repair,multi
62ecb68c-4aea-4b07-8e84-696d65cc3672,Cleaning,train
63961b5a-3d09-439a-abff-1bd3456b25e0,Mechanical Repair,train
63f0f27d-645c-4efc-9162-6f0cb0353bc8,Cleaning,train
64049385-6855-4eed-8b3c-ce3e8d704008,Walking Outdoors,train
6432d156-5b39-4df9-b261-6695b707c63a,Playing Instrument,train
6442d14c-c02a-4b90-bd52-8b3c187b851b,Mechanical Repair,train
64937c98-8ea8-4020-abcb-2415f13faa0f,Playing Instrument,train
64b355f3-ef49-4990-8622-9e9eef68b495,Cooking,train
64d62404-4689-462a-a573-e49aff0b350a,Cooking,test
652816fb-2779-4e17-9972-fd0ad0e36229,Walking Outdoors,train
652f0590-aab5-4de1-b578-238adb54fa0e,Mechanical Repair,train
6542887a-5ea3-41b4-b281-3f2b30ebb766,Walking Outdoors,train
655e0641-f92b-4db0-acb3-223525247c90,Mechanical Repair,train
657e538b-af27-4236-9dfa-a1d6674f2e8c,Cleaning,train
65899145-454e-4fc4-b72f-cc7e4504c9c7,Playing Instrument,train
65932cf3-b9d3-4488-b83b-c77dc5e5d2fd,Desk Work,train
65adec13-7836-4784-9015-0e5879e2f40b,Walking Outdoors,train
65afadae-9410-43e5-a61d-ae75ae711e56,Cooking,train
65f15401-3714-445d-9792-4710c2967f25,Gardening,train
661952ef-7067-48c7-a6ee-fd93f7e6e450,Mechanical Repair,train
662a5fbd-6865-43e6-a2e5-06ffd30c8fc6,Walking Outdoors,train
6639f53c-701d-4fe7-adcd-55d040ce8afe,Cooking,train
66600529-b776-4b03-9e58-53d4950bbf0b,Cleaning,train
6667265c-5d06-4072-b761-649eeab04fc9,Mechanical Repair,multi
666beb29-be82-4f5f-8556-644ed5af8d90,Mechanical Repair,train
669b3fbf-3658-4943-9f28-54b2251a7e61,Cleaning,train
66a88780-84f9-4515-8ca4-3b84ba9ad615,Cleaning,train
66f93990-3f9e-44a9-a3b2-753319dc4e2b,Cleaning,train
66fc3efa-aa5a-4bf4-b2ad-dd3860818cc4,Mechanical Repair,test
670af94f-647f-448e-b219-1e424cc0d0f1,Mechanical Repair,train
670df362-2578-4f2a-8940-188f06ca6126,Playing Instrument,train
671a4c5a-1ab5-4ea1-8940-c2983e2edb25,Mechanical Repair,train
672c902a-7871-4e8f-bae5-6e12e2a4e342,Cooking,train
674ff45c-1a6b-40c1-a915-df844132144d,Playing Instrument,train
6767f3a8-9a7e-4978-8939-5a988bd44c7e,Mechanical Repair,train
676c3bb3-2b7f-437b-ae1a-41f589ae188a,Cooking,val
67ae160b-f173-4340-b048-6aebf4027a9d,Cooking,test
67b78a5b-ab72-4483-95c4-33e837013e93,Cleaning,train
67c8aca7-5073-4ccc-bdf1-10a8de2f437c,Cleaning,test
67dca1fe-bfbf-4bd2-ba24-427e35722cb0,Cleaning,train
67f9b6ac-0137-4787-8dba-b30aad329898,Walking Outdoors,test
680e61d7-86e0-47cd-a6e1-83868aaaf3f0,Cooking,test
68143ed4-36a0-4194-b409-d28be53f8252,Desk Work,val
6815d77e-72e5-465f-a82f-81cb9aabfce2,Playing Instrument,multi
68205f0f-9b30-4d81-986d-f8816e70bddd,Cooking,test
6822e3f2-4862-4f02-ab6b-7a16587eeade,Walking Outdoors,train
686b4d50-3820-4157-bcf4-80d6feaebc7e,Desk Work,train
68c73d6c-8102-42ae-8d07-c5529bb933fa,Desk Work,train
68cf4100-b9b6-4e9b-8d3a-d7569fc4d474,Walking Outdoors,train
69ed5dc3-ed83-47fb-aac0-71d997904494,Mechanical Repair,test
6a1bdcdb-0def-4cbb-87ab-0da83b63552c,Desk Work,train
6a2fa96b-86b5-43e6-9aae-5b144ab15927,Desk Work,train
6a513338-0c76-418f-b842-e89547decacf,Mechanical Repair,train
6ab72273-4324-4cec-aad4-1a644b57356b,Cleaning,train
6abc010d-be71-498d-af0b-15c5845d315f,Mechanical Repair,val
6ac1d2ed-1f6b-4828-a1ab-f81c40bd5e80,Cooking,test
6ae63a5f-09ea-47d2-9ac8-97c04927da86,Walking Outdoors,val
6af04762-9ccf-41aa-bbfb-48a443c7cec3,Cooking,train
6b0e9740-14ac-45aa-993c-574bc25a4585,Playing Instrument,train
6b6825dc-7094-4bdb-aca8-c02305910ce6,Playing Instrument,train
6b6d73b9-e92c-4698-86df-bbe687a9e95e,Cleaning,multi
6b889d80-1c10-413c-9532-fbd629305a43,Playing Instrument,multi
6b8963b9-0645-4eb4-93d0-32644cfcd99f,Carpentry,train
6b89ed88-54d3-427f-835f-6a5345206955,Cooking,test
6b91041f-bd60-4738-8305-46b144ce725d,Carpentry,val
6bc039a1-69f5-417b-824c-377225094c48,Gardening,train
6bc12612-2c12-4938-a394-c65de370a159,Desk Work,multi
6bd3302b-3269-41dd-a32f-79bff3af1a81,Playing Instrument,train
6be77236-230f-4d9b-98d5-1cbf3be34023,Desk Work,multi
6c03be74-4692-4e3e-8eab-01f9f8e0d3ba,Cleaning,multi
6c0a8bc3-1a83-4f90-bb7f-6baf959b2364,Cleaning,train
6c716b7b-80a3-4f66-a341-7b86a1e921fa,Mechanical Repair,train
6c7abb81-3545-4798-bc17-67eac6deadb3,Carpentry,test
6caf467a-a949-4b5c-b88b-b2ac6cbd9f36,Gardening,train
6cc68770-4f61-4c1c-a890-833b2e097eb7,Carpentry,train
6cd747b9-9f90-4642-b848-e16a353e28f4,Cooking,train
6cee9dc4-b9c8-49ad-89c8-07e9f506799f,Walking Outdoors,test
6d073200-e091-46f8-ae82-47d51f06e533,Carpentry,test
6d9d3b31-334f-4710-8f66-8d9befde4665,Cleaning,test
6e0a6558-c212-4cab-b374-007671edb59c,Cleaning,train
6e5fd566-1bbe-49cc-ad61-2cafc11a2036,Cleaning,test
6e7c717c-0f0a-4449-bec4-db05603d88d7,Cleaning,train
6e988330-6694-403c-9011-5e5e1ff1d7f6,Mechanical Repair,train
6eb083c4-a7dc-454b-84bc-2f0d8a69dffe,Cooking,train
6ef7f9c0-30eb-4280-acc1-55f22f6e2924,Desk Work,train
6f140645-1904-4493-862d-06929ec947db,Mechanical Repair,test
6f19928b-79d6-43ef-9567-b34b70de4042,Cooking,train
6f4b36d7-457b-4bac-a4fd-009f6d6d886d,Carpentry,val
6f83579e-75fa-4409-b4a5-7b73463eb217,Mechanical Repair,test
6f9e9c96-dfac-4862-aa36-f7a2f10d4552,Mechanical Repair,train
6fab4528-101a-4a4b-bb90-a2a155a0bddb,Desk Work,train
6fbe37c5-7321-4223-a26b-78fef89a9c46,Cleaning,train
6fc99eb3-6c88-41a9-ad4f-e9414203999f,Walking Outdoors,train
6fd90f8d-7a4d-425d-a812-3268db0b0342,Cooking,train
6fe206a1-2a72-4fc2-8f7b-f54c942e0c30,Mechanical Repair,train
70b1eb5c-49a6-4249-88bb-53606589a6ea,Mechanical Repair,train
70c31020-9fed-4e76-b127-2c10487317ff,Mechanical Repair,train
70c7d2e0-5671-4891-a0a0-d8247c360f81,Mechanical Repair,train
70c8bd4f-bfe1-4fb5-82ad-7d763cc28935,Mechanical Repair,val
70e81c43-3bf3-4a3c-81df-16f5108a6918,Desk Work,train
70f2a750-f403-41b8-aabb-480eb3ab4ed4,Cooking,train
711a74cf-33f2-426f-89aa-1837864e54f9,Carpentry,train
712ef11e-dc19-4fe1-ae66-0d9ec934196e,Carpentry,multi
713602ca-86fa-40d1-bdab-371115b37fc9,Carpentry,val
7156f0b1-8a17-4dd2-860f-9de4aceb4646,Walking Outdoors,train
71805e46-ca99-4b12-abb4-b1c1af470ae7,Mechanical Repair,train
719bf9c4-a216-4166-963b-80ece9f87a48,Playing Instrument,train
71d1e89d-69ed-4a45-a4c6-61510f6d2dd2,Desk Work,train
721455cc-1e09-44a3-a579-d9e90db85227,Walking Outdoors,train
72273bc9-f73a-42a3-b390-6cb5899c6668,Carpentry,train
722811b1-93f9-4790-b3ae-b9ae8142a718,Mechanical Repair,multi
72295d26-19f7-4c6a-874e-85ba8654861e,Carpentry,train
725afa52-ac60-4a17-b416-9a830fa8fc7b,Playing Instrument,train
72784479-55db-45aa-a7ca-9d87b1a4afb9,Walking Outdoors,train
72792612-73d1-482e-8717-1997466968b4,Mechanical Repair,train
7285237a-0729-4300-aac1-64fb06512370,Playing Instrument,train
729c3692-812c-43a5-9dd7-cc0bd3fbd5a6,Walking Outdoors,train
72b53897-cfca-42cb-b60d-1f928f313a1c,Mechanical Repair,train
72cb4dd3-c8cf-4bda-9efe-26b66ed6829e,Cleaning,train
72d6a00b-0554-41cd-a00d-0c1e64e400df,Walking Outdoors,train
72f48fb2-90ff-4add-bd1b-7fe57fe4dc4e,Carpentry,val
73005180-4af4-48a3-8c9a-f4afe2b99c58,Cleaning,val
7303d3a9-90fd-433d-987c-8c90ce49c821,Cooking,test
73139ac7-aa0a-4119-bf90-81a94a3f8c55,Cleaning,train
73fdfb68-e6f4-43bb-be27-d4ef06872070,Desk Work,train
747ca62c-333e-472a-94d8-7d436c56cb45,Mechanical Repair,train
74d05939-ec8d-4da5-9a6f-35a0b97e22e2,Cleaning,val
74d38b4a-6f22-43b3-b631-9234c05f27ab,Walking Outdoors,val
74dbf8d0-b10d-4993-831e-7618801d2d95,Cleaning,train
75141dec-d6b3-4e2e-a144-5a126abf7dac,Mechanical Repair,train
752e22a0-e229-421a-80bf-7d3253169b02,Desk Work,train
7544f7c5-3823-439f-bc64-326a15d65406,Mechanical Repair,train
756156fa-e3de-4b26-956b-7021c605af42,Playing Instrument,train
75921506-bcce-4748-9b23-c13769653c03,Playing Instrument,train
75e9d719-d542-4b9e-9e2a-54d9b3957cf7,Cleaning,train
75eda536-c4f6-4c6f-ba39-533f6b7e1ed2,Walking Outdoors,train
7627344d-503f-4a25-b418-10a6929d5a18,Playing Instrument,train
767dbef9-f625-4785-810c-7d8c78c1eddb,Cooking,train
773d793d-f39d-4fe6-86fa-2c939164ae13,Playing Instrument,train
774a7c0d-6d18-4cdc-b2fb-ceb8d195deca,Desk Work,train
776749e2-dbd3-46f9-95f9-d20c431f4749,Desk Work,multi
7844c399-e3ce-42f7-a31b-324d477217aa,Mechanical Repair,multi
78b06017-cd7b-441c-ba48-33c04e37a82a,Cooking,train
78c9f2e7-44b9-4068-a7b0-18c9649ce963,Cleaning,train
79001765-abc6-439b-a987-367dd4d1d5f6,Cleaning,val
79204df3-cecf-450e-930e-7cdfd2bf2f6a,Cleaning,train
793a9c9d-327e-4457-9c40-e626b2208aae,Cooking,train
7989f7d6-cfc7-423d-829d-267456132dbd,Mechanical Repair,val
798cc542-3fd4-42eb-9bf4-f3910603158b,Cooking,train
7a298543-3ffa-4254-a45e-30afe1088a55,Cleaning,val
7a42084f-7af4-4133-832d-6318db28d483,Walking Outdoors,train
7a8330bb-336d-48a0-9dfb-c9ae34ff9145,Carpentry,train
7aa17dca-440f-4845-9831-24555a970de5,Walking Outdoors,train
7aca7552-56d2-4ac0-be30-aed9c5dfc8ea,Cleaning,multi
7b016e40-d10a-43b3-9222-cb4787a95432,Cleaning,val
7b277350-9926-42ef-b5f7-3ee000f3350a,Carpentry,train
7b5fafdb-136a-4722-84a4-cffb213a224a,Gardening,multi
7b696849-45f1-460f-a550-d70dc212e8b7,Carpentry,multi
7b9f6b6f-eefb-44d1-adc0-046976ddb2e0,Cleaning,test
7bb47140-606f-4775-b5a1-fc8cb5ed118c,Mechanical Repair,train
7bc2ea44-9168-4379-a17e-5558d4e2fc24,Cleaning,train
7bc527d6-f3f4-4a6e-bf0f-e6c176e0504d,Walking Outdoors,train
7bc80e9a-d235-4245-9876-9f414969b6d0,Cleaning,multi
7c3584ca-c6c7-41e8-a948-e6ff44d9e506,Desk Work,train
7c420d19-88b4-4092-bef1-a9bb99bbe308,Walking Outdoors,train
7c8a9c21-ba3c-41b8-a7e0-be7311fde0ee,Cleaning,train
7cc97e6c-b934-4de3-a9ab-3dfa4a2d53d7,Mechanical Repair,train
7d1f0e94-74a9-4c9f-a026-88192d1da079,Playing Instrument,test
7d2d4e8e-bc29-4cce-bbd5-ab1daf1b27b5,Cooking,test
7d3d85d3-88e4-4bb9-9175-e37107100f2e,Playing Instrument,train
7d43e858-fc76-4f75-83b7-0da80e3a8a46,Mechanical Repair,train
7d683e6b-ba5f-4c3f-9358-13ba16799993,Mechanical Repair,train
7dbf5e5b-0837-47c0-a9b5-43024a8addf3,Desk Work,train
7dd6f14c-bdc0-45cc-86c1-a2af2b61d177,Mechanical Repair,train
7dd8f1d3-c197-48cd-81cf-d46d9390920f,Cooking,multi
7e19388f-8b83-4ea8-bb51-6ae2f58b552e,Carpentry,val
7e34a240-f880-42a1-ba19-79dba39a6cb0,Cooking,train
7e4de34c-b5e4-428d-b2d2-5352d5894d9f,Cleaning,test
7e78a081-96fa-48ad-894a-8c55e93ac4a8,Mechanical Repair,train
7e8b647a-e4ea-4573-9c6d-b6b61eb12510,Mechanical Repair,train
7ea94f18-3b89-4c8e-aa91-685a76fc4e01,Cooking,train
7ed8365c-37f5-4033-978a-2d3c1faa0e33,Gardening,train
7ede3aa4-b631-4715-863e-83cd4ceab976,Desk Work,train
7efdc4ce-d5ae-4c9d-be41-9d9736625d67,Walking Outdoors,train
7f08c8f8-ed48-49db-837d-e0b544edec88,Mechanical Repair,train
7f1b26ab-ffc6-40c3-9cb3-572311ccf0d9,Cleaning,multi
7f334458-5c4c-4223-b04d-80616499adbb,Mechanical Repair,train
7f53fc56-d792-483c-9243-71796f4a47e5,Carpentry,train
7f8f8daa-7be0-4226-b47e-e5155e5f62f0,Playing Instrument,train
7f9f75fd-a660-4635-8890-239c6ad82023,Cooking,train
802e8f99-1e19-489c-9256-496bbd13e1fd,Cleaning,train
808c2a0c-9010-4be5-88b1-d697b417848d,Playing Instrument,train
80debc82-fea5-4125-aab6-725d1b139289,Walking Outdoors,train
80e8df23-5c92-4a23-8f39-91438f67812c,Walking Outdoors,test
81267cd9-243f-4ec6-bd2e-bfaeaf334526,Carpentry,test
8141fd19-b419-4f2c-a432-e2bb5fbad9b4,Carpentry,val
819c3c0c-b89b-4d2e-96a8-a88d06973fa9,Carpentry,train
81aaf910-e32a-46f0-a1e9-a45fe5e19e25,Playing Instrument,val
81be6ac3-8fe1-49c1-849f-06aebada2849,Carpentry,val
81c8eef4-6e47-4786-920f-e7f3f6bc970a,Carpentry,train
81cd38d9-a5de-4f5d-ba45-12c58d7740ad,Carpentry,train
820d4b9e-6fba-472f-aa45-25b27241d4af,Desk Work,train
824e7896-904a-4ff5-b7ee-e21df21918c2,Cleaning,val
827c34de-64e7-419e-89e3-3d6de441e983,Walking Outdoors,train
82a3744e-cedb-4a4f-8e47-bc5c1a2b3ac0,Cleaning,val
82b9dd3c-5072-48cd-a8f4-9515ea5b2c13,Cleaning,val
82e05cd7-f98c-4e23-ac44-32df741e41f1,Cleaning,train
8301a3fc-aac5-466d-bb02-d0ac7a81ccc6,Cooking,train
8327741f-773a-4868-902b-0fe25708e0b9,Desk Work,val
837ec104-8bd9-4fe3-9c19-44417c546f91,Cleaning,train
8383791d-2df9-4bac-89b6-4cc01df5f4d1,Cooking,val
83af5740-e2a0-44e2-a504-d24cdedec4cd,Carpentry,val
83f18213-f8f8-44fa-b9ce-104c6ddbcd57,Cleaning,train
84020280-95d3-47c3-9716-647c25a9cb3c,Cleaning,train
8447cf7c-d919-449a-be90-cdd05910fd9b,Playing Instrument,train
847c00b4-fa4f-4f19-b2e0-485d3180cd7c,Walking Outdoors,train
8483fa90-f5dc-4d50-9561-244bfdf12ea3,Playing Instrument,train
8491af2d-7226-4563-adcc-1e06da2cd763,Carpentry,train
84ccc9f7-8e02-4bfd-bd44-1658814df7cc,Cooking,val
84cd25bf-75c9-4927-94fc-7bc686a8330a,Walking Outdoors,train
84d6855a-242b-44a6-b48d-2db302b5ea7a,Carpentry,val
85020424-0ed9-4dcd-9a39-e5ab84ec6b6d,Desk Work,train
8514d490-1e68-4523-ad92-11168c278709,Walking Outdoors,train
8519778b-f5f1-4e6f-8426-c6a7fe262920,Desk Work,train
8532e114-f8e4-42b5-987b-fcf0ebb32bf5,Playing Instrument,multi
85665a8d-6683-4aa0-bff8-3cd5e752c8f2,Gardening,train
856cedd7-b753-4c4a-bc2e-24f5ca0d6f4b,Desk Work,train
857f7dab-dbc6-41c3-b51b-ab02681e228a,Carpentry,test
85e88c3e-e332-4287-87e2-b93b50880bc7,Carpentry,train
85f9b008-514e-408f-8201-fc8ba32ea179,Gardening,test
863011c8-ebf7-4900-87d1-3c7930f95dab,Walking Outdoors,val
866ef5e0-1989-440d-bbfb-d90c3b29024f,Playing Instrument,train
8698a0ea-f434-49f9-a8e4-45220e5d4b2c,Cleaning,multi
869aa0d2-9557-4f3e-8bc9-c46ca5e2c8ff,Cooking,train
8762cf76-5526-43a2-b825-a0c396494c87,Cleaning,train
876b2576-7a15-4436-a9b9-d8df65c6419f,Walking Outdoors,train
876dad36-879c-42eb-977d-b500f7c141d3,Gardening,multi
8773a5e9-c3fd-4777-815b-572b08ce3abe,Playing Instrument,train
878b7d2a-ed21-409c-b523-8fd8c014076b,Desk Work,multi
879c0eae-cc23-4dea-8b42-95ffe8e173d1,Mechanical Repair,test
879dd163-7588-45d1-9466-a5deabc59167,Desk Work,train
87ae2263-5355-4aae-8ca4-98ad80e9f1b4,Desk Work,train
883c2e5a-abc9-424a-9d63-379499652096,Carpentry,train
887a1aaa-2b7e-41d4-86c6-fa0c9d1015a0,Mechanical Repair,train
88aaba00-ad94-4e76-9b7d-583cd8744fd2,Mechanical Repair,train
88b04ee1-9690-4a1a-abb6-4032624d649d,Carpentry,train
8914d021-7184-40af-a750-9fb63d93fd76,Walking Outdoors,test
8922d2ba-9a4e-415e-9717-b9a085c153c7,Mechanical Repair,train
89274721-662b-429d-8101-cdf5bfc8610f,Walking Outdoors,train
8929cc82-46fc-4e81-9b06-5fe8ccd60496,Gardening,train
892a25e2-df0c-4577-af57-b720e73654f6,Cooking,train
893764e0-4fb5-435d-a674-076e0c54e590,Walking Outdoors,train
8996ece6-f2c1-49c4-aab7-fee6c30f2ca2,Mechanical Repair,multi
89a62985-3115-4c50-b802-17797f08cc8b,Walking Outdoors,train
89bfb598-cd71-4c27-82a6-829c090ed587,Mechanical Repair,train
89e7168c-f17f-4acd-aceb-740ebd0b760e,Mechanical Repair,train
8a00f6f3-696f-4ec7-bc8b-d30f361eb9e0,Cleaning,test
8a0fc8f2-850a-4734-87a9-6f67dd0164c2,Desk Work,train
8a280483-bbfd-4f24-9654-bf6a008e406d,Gardening,multi
8a431195-083a-4e07-a99d-28c2591beaef,Cooking,train
8a4defe3-aae4-4c56-8b55-21fc618ad508,Carpentry,train
8a6a3316-d682-4a76-81db-b244081765c9,Walking Outdoors,val
8ac2f157-6c00-45bc-bf4a-7e46b06768d3,Cleaning,test
8af2ed7d-4435-40ce-b3cc-685f28bfcb2d,Cleaning,multi
8b633bf7-5585-4bb1-bb68-eea38ac9f14a,Mechanical Repair,train
8b72b54f-f87c-4fdb-84dc-97e42ab111ac,Cooking,train
8bb4369f-a6e0-45a3-9d2d-fd5d5c686ccc,Walking Outdoors,train
8bcd5b11-283d-41f9-9b34-8f70b75c2de9,Carpentry,val
8c05c45e-df59-44fa-8e58-1e9ea4edbc86,Mechanical Repair,train
8c1b30cd-f67f-479a-b723-7367528ccb8e,Cleaning,multi
8d27f903-5c76-4a63-9d0b-2ff2d29ae9a9,Cooking,train
8d3337ba-61a1-4c23-abb3-2728ba21adad,Walking Outdoors,train
8d44b13c-464d-498b-b639-dfede202872c,Carpentry,val
8d47a744-4306-4d2f-ad73-7007eee777ff,Cooking,test
8d50f526-624c-40bd-b696-7ad6ce5746ab,Carpentry,train
8d84ee2b-5dcb-4311-9769-a52e7b68d9e1,Mechanical Repair,test
8d918026-5ce5-4353-a85c-75079b4784bb,Playing Instrument,train
8d9e3484-81d3-478f-a056-c2e78d84a6b3,Cleaning,train
8dd63cb0-6b7b-401d-bbc3-b5f113b67cd8,Mechanical Repair,train
8dfb9329-a70c-4a5a-85c2-39dae4caf3f0,Desk Work,train
8dfdf47b-b446-4866-b38f-54add1a8e702,Cooking,train
8e23dc43-7025-4548-a2bd-0f7d85631602,Mechanical Repair,multi
8e5c3d75-8a5c-45c7-ad7c-3dec1c7615ed,Mechanical Repair,train
8e7ed55a-4c81-4b87-802f-7e28c8190c50,Mechanical Repair,train
8e9ce0c8-9a8f-414d-b3c4-cebd0fd1d85b,Desk Work,train
8f6b2bee-b4bb-4b51-843e-b7bb7a714ace,Carpentry,train
8f9f4689-cf3e-4a69-88b0-81ea3a9f5805,Playing Instrument,train
8faba664-2d52-46f5-9a17-a486502e6da0,Cleaning,test
8fc2c084-ff56-4112-af4a-dfa2609f17c3,Cooking,test
8fca1865-7ce7-4a3e-8797-530f15d30bdf,Carpentry,test
8fe27146-988e-4ed5-891d-1c128f601895,Desk Work,train
90106182-3016-44d2-a675-c1c70626ef7b,Walking Outdoors,train
90cbbad7-2a46-4b4c-8ed5-eb1dbce6f89b,Playing Instrument,train
90f8d8f3-21af-4554-a56d-fecf36467855,Cleaning,train
913b4f05-ec61-409a-bdef-f3c1cc0f6ae0,Playing Instrument,multi
9148ceed-6983-4303-a560-2cbde805ee85,Carpentry,val
9155f5b9-6235-484f-990d-fbd3010a791e,Mechanical Repair,multi
9184a7fc-f1bf-42ee-b0f7-d6a76bba84a5,Playing Instrument,train
919492eb-9aa4-4a82-a2ba-4640d0ea316d,Mechanical Repair,train
92075d1b-c78b-483a-9a7f-e03fec7f5129,Playing Instrument,train
920b7d53-9058-4194-aba5-61a44bcc9a4e,Playing Instrument,train
9221bf86-0bd7-4d96-8ac1-77a6b1f4d9c4,Playing Instrument,train
9252292c-b444-40a8-8df1-facd8e1a583b,Carpentry,train
9277371e-6930-4016-80d3-13b1c0c08683,Cleaning,train
9299296b-1bc4-4d06-bf8e-4762d3c25ee9,Mechanical Repair,train
92f8142a-25aa-444a-ae37-43fae4f95f18,Mechanical Repair,multi
938e5a85-89e5-4179-bd9c-925a1aed45a9,Walking Outdoors,train
93a5f8cb-d7eb-4e5a-9913-77ef1487ce61,Desk Work,train
93f5cc14-13bf-44b3-8cf6-309aaf265a5d,Desk Work,train
93f78437-229d-4824-a8c1-68d9b17e754d,Cooking,val
9434b584-177a-49ea-8402-078e9d7f933a,Cooking,train
9439261a-885c-407a-bf5c-6a822f2573d6,Cleaning,train
94c00d09-b785-4928-bc86-e84538dd9b8d,Desk Work,train
94c90968-502c-4cb1-9aa7-359a3ee0338d,Playing Instrument,train
94e0a2a7-b8f3-4677-8360-dbcf7293e621,Playing Instrument,train
94e8fb8f-ecf5-409c-940b-a5c966ea2837,Cooking,val
94f3b349-00ff-4fb9-8b37-af09ea545457,Desk Work,train
9567030a-6a75-45b2-80c2-9af812271e7c,Mechanical Repair,train
95aa4159-3ad7-46f3-ad1e-c85e6b64659c,Playing Instrument,train
95d17e79-f662-4c3a-ab80-3046a3bd20cd,Walking Outdoors,train
95d9ba52-4cf1-4e7a-88c0-0402ed1d60c8,Carpentry,train
9632b0a9-cf21-4773-b95b-83aae9a23d0a,Playing Instrument,train
969866a7-2393-4bca-851a-885ddd7f627d,Walking Outdoors,train
96a72022-f4b6-458e-b136-cd97336fb687,Walking Outdoors,train
96ab5d66-36b6-4d07-a3d5-c935d40ba2e1,Mechanical Repair,train
96e3caaa-e563-4c28-b123-021db8fd26b1,Mechanical Repair,train
96ec5200-b456-404f-b8ee-9a66ef5cf258,Walking Outdoors,test
972dc189-22a5-4463-b9aa-5232590e42dc,Carpentry,test
97540512-8d9d-4c0a-b3b1-885b4b1c40b2,Cleaning,val
97ab9564-34c2-4272-97ec-8c4f2f76e117,Walking Outdoors,train
97c1c805-291f-4b2f-bef9-0495d9d2fc92,Cooking,val
97dcbd5f-6f17-4208-8129-0dbd5a9ff89d,Playing Instrument,train
97eaf9ae-9b92-493d-a555-4fcdb7c039a1,Walking Outdoors,train
97ebd96b-6b14-4b15-b3c5-d1d1b40d8192,Playing Instrument,train
98172f49-6b2b-4376-8e88-b80f64a2e1f2,Walking Outdoors,val
9827a535-6963-434f-ad79-1940aa622c22,Walking Outdoors,multi
98a3e2dc-5482-4c89-a93b-2780f5bcff07,Carpentry,train
98a6780f-60c2-452f-8862-3f5265e4f629,Walking Outdoors,train
98dc31a1-edbb-42d6-8d1c-0b43fe6f9c28,Mechanical Repair,multi
98fdad00-49db-478f-bc77-c7d06992882e,Mechanical Repair,train
9930414f-b998-4217-b6b5-aa686236fdf8,Walking Outdoors,val
9940a038-2bb1-4d2d-afeb-81f2798f815f,Carpentry,train
99482472-b8cc-47c9-9f54-e0ff4e42182b,Cooking,val
998100d5-7fc9-40fd-b136-54eb3aa7628a,Cooking,test
99912eaa-5b67-4fca-b01d-6c30d20f5486,Walking Outdoors,train
99b5f1cf-672b-4429-b547-6d7b444fe75f,Carpentry,train
99fa0600-e9a0-46bb-bb9c-15db7e3e7214,Playing Instrument,multi
9a0a2d01-c4e0-4e30-8a69-642070d59ea9,Mechanical Repair,train
9a4ed30a-1535-4eaa-b9dc-40437b77f852,Desk Work,multi
9a5734df-04c0-467c-8e8c-8e1247653964,Walking Outdoors,train
9a968109-3a9e-4e6d-a0e8-fed2ec1128f8,Mechanical Repair,test
9ad57459-0a14-4a63-a349-6d4b1ace9142,Cleaning,test
9b34e344-494d-4664-8180-a8ff2a692ab2,Mechanical Repair,train
9b45530e-a510-44d8-81fc-afc8252eccdf,Desk Work,train
9b49246f-30e9-476f-ab8c-56a1bcb1d936,Cleaning,train
9b57e1da-216e-45c9-9a98-6dd5e04ca5da,Walking Outdoors,train
9b9b1adc-c543-445a-aa2f-5c96551b9c31,Mechanical Repair,train
9c22c7ff-b8ab-4fe8-bb6d-a46e35ba80fd,Desk Work,train
9c4a113c-87ab-4864-a80d-4b81c5ecda91,Gardening,train
9c785597-7d3e-4831-a8b9-9e640e3bbb83,Mechanical Repair,train
9c99e9a1-8d61-48f5-8165-9c5215a257fe,Carpentry,train
9cd46f2b-df56-4a8f-a7e5-a68e3d18bf47,Playing Instrument,train
9d2ec4ad-945f-4614-b41f-24260de662f6,Mechanical Repair,multi
9d3e9c1a-457e-4125-a847-a535a4c8311f,Playing Instrument,train
9da4b8a6-d09f-433e-ab23-96032e2b7aa7,Mechanical Repair,val
9df7ece6-df68-4158-a294-06aa242c2b9d,Cooking,multi
9e0dfc08-330b-489b-afa7-880993e1a7a7,Mechanical Repair,multi
9e224525-92eb-4c39-b7dc-61dac1a01611,Carpentry,train
9e7fa594-5774-4681-a034-50a5c83cff8f,Walking Outdoors,val
9e9debc1-239d-4f62-bccf-f950f464f7a5,Walking Outdoors,test
9ee62f5e-d147-45c5-a563-3aa45e3d0bf0,Desk Work,train
9ef91973-688f-4565-95e9-942e73e8a316,Cleaning,test
9efbc0ef-4d0a-41ae-ad37-74f530ceeff0,Carpentry,test
9f5b658c-1958-4fa0-b67d-3b365c49b919,Cooking,test
9fcc2461-7dfa-4547-975a-9c0a834277fe,Desk Work,train
9fd11936-e3e9-4043-b2ef-a29c3b3575ed,Carpentry,train
9fd1b645-da67-4fb1-8615-952a37bc7728,Carpentry,train
9feaaf23-d622-479e-9c40-c396e86b4d18,Cleaning,train
9ff8c35c-bd28-436f-b35b-ee460f983a67,Mechanical Repair,train
a036cd57-fa6e-46ba-b6c7-31547a0eb68f,Walking Outdoors,train
a0fb8289-7d55-4af3-9d2b-2b3e4a12ab65,Walking Outdoors,train
a1614078-136a-4a11-a26d-abb4ced09c7d,Cleaning,train
a16dde53-8a4d-4246-aab4-9759f0af81f0,Cooking,train
a17b1c4f-3654-4385-b4eb-1a0f574a2a35,Desk Work,test
a1cc6952-7ffe-45e3-9c40-6fdfa331b857,Desk Work,train
a1e0cf93-a181-4f4b-9baa-1457a2c34628,Cleaning,test
a23b3840-0a21-4bdc-87df-b0c3b7df6bd2,Cooking,multi
a2927d07-20ec-446a-bff1-df24fffa0d35,Cleaning,train
a2942aa8-a9be-420e-b24f-b3a96a2b581c,Desk Work,train
a2d77a0b-3c57-4c5e-b2af-490c483b1ffe,Cooking,test
a2e09e3a-7cad-4eeb-9a66-530ccad42601,Cleaning,test
a31c165c-9044-471a-962b-fec98b2da808,Mechanical Repair,val
a34576fe-35e7-4b5d-8661-200c4ed75f7a,Playing Instrument,train
a37407ca-4581-4a11-8465-7b1df53c82c7,Cleaning,train
a3a1246c-97fd-4824-be9e-f4e261ab525c,Playing Instrument,multi
a3f45e46-6c63-402c-a6b9-1c3ad529166d,Cleaning,train
a40f2c59-c795-4893-9ec5-6a58632a2b49,Walking Outdoors,train
a42f4f06-81a1-415b-a4b0-740ea6b053a2,Carpentry,test
a4352ec3-fd76-4a34-a25d-328c128719d2,Cleaning,train
a44630e0-cc98-438b-8143-2760afe80340,Desk Work,train
a4528822-10e4-4e2d-8912-f6638d14572d,Mechanical Repair,train
a4745642-be2d-4d15-9a19-8dfbb429a646,Mechanical Repair,train
a47718d6-30dc-4afa-8088-a62e1e81d3e6,Mechanical Repair,val
a4b90abd-8763-49e4-9a15-1276079545e3,Walking Outdoors,train
a4df4756-4aad-45a8-a21e-0c9f712ed09b,Mechanical Repair,train
a5ba2021-d411-4767-a859-3b55d38bc6b0,Walking Outdoors,train
a5bf18b5-15d4-4843-8269-3f31154e3736,Walking Outdoors,train
a5c10f2d-b374-49ff-bdfb-fff51f66f644,Cooking,test
a5d416f3-723a-4181-8ed3-3e3c97a4cd3c,Carpentry,test
a5fbdb00-de6c-4a16-8c46-32a6333a4865,Cleaning,train
a6419de9-1e40-4793-b21b-9c8d9038835a,Cooking,train
a65500f7-956f-486d-872a-61742acb90d8,Walking Outdoors,val
a69ae4a8-8e1d-47c1-bbd0-de2bb4a33fca,Mechanical Repair,multi
a69d9469-60fe-46ba-b626-e2af188aa33c,Cleaning,train
a6c7707d-d7b5-4e73-a5ae-ebdaeeaf56eb,Walking Outdoors,train
a6f336e0-4867-46b1-886d-dadcb2c8a33d,Desk Work,train
a6fb31a3-eca4-4e8f-a23b-16e4f2a9269b,Desk Work,multi
a724d611-35fa-498b-af1f-bb0955622242,Desk Work,train
a75199b2-6032-427c-bb94-0429e97e1859,Cooking,train
a75999e6-8eb8-44fa-b562-4de92cd825e3,Desk Work,train
a772f23c-3789-4e8b-8352-5495eea6e94d,Carpentry,train
a774ee38-7f06-4733-8b76-1fb07f95dcf4,Cleaning,train
a788c026-f465-4367-8d27-ef601fa157f6,Playing Instrument,train
a7a4014b-f938-49ca-bd5f-f5bb88843ac4,Mechanical Repair,train
a81025df-f9a9-4536-9abf-b58a550ac546,Walking Outdoors,train
a8197601-7474-4cb0-8d08-e8a8febcecfc,Mechanical Repair,train
a8486c50-4576-41e3-a9ad-ee809e40c648,Cooking,multi
a855cacc-0c0f-4ad3-9991-90cbd761637a,Cleaning,train
a869ed3c-901d-4328-99f0-9b446822a412,Cooking,train
a875887b-2cfb-46f5-8f9a-314a4e35fd28,Walking Outdoors,train
a892882a-1bdb-4843-a965-291408dcdf1a,Mechanical Repair,train
a8983a14-da13-4e54-bc7a-b027b374c710,Walking Outdoors,train
a898a794-b5c9-4e8c-ae7c-06df839b6012,Carpentry,test
a94b8e4a-8921-4dcb-a79b-2c079e299e3a,Cleaning,val
a9bdb70e-fc19-4502-a2ef-c99b309a8094,Walking Outdoors,train
a9c13069-d229-4e09-92e8-bd6cf3c3448a,Cooking,train
a9e20b99-1b55-4b0c-ba84-415289646fca,Cleaning,train
aa2cbed5-ae1f-44e3-9043-6e90826f387b,Desk Work,test
aa37b427-5980-4bf5-be29-87bdb2e60154,Cleaning,multi
aa3aa45a-ab0a-4f3e-9629-ed8e8e68b533,Mechanical Repair,multi
aa40c5e2-3730-45c3-8514-9785a67a7e36,Mechanical Repair,train
aa511570-9be0-42b7-a485-673478ae6f25,Mechanical Repair,train
aa545209-5e41-4534-8473-67ff18cf9985,Carpentry,val
aa57f76c-7a21-4bc3-a1b0-509eb727943b,Desk Work,train
aa590f8a-1e90-4bcd-b007-47baf9f8c389,Playing Instrument,train
aa5c1090-05fd-41e7-86a8-1bc601226c51,Cleaning,train
aa746a74-9e1b-49c6-9e27-f0c8d2f58642,Carpentry,train
aa873f4c-8100-46fb-83ee-036f908bfa0e,Desk Work,val
aaa740da-6986-45aa-8445-0280ee36cded,Cleaning,multi
ab22264a-91ce-4c3f-96b0-e6405a46f92f,Cleaning,multi
ab23f96e-d41f-411f-9923-c6d7ed0c0eb7,Cleaning,val
ab56f351-d122-4c20-b286-1ee5c91fe945,Walking Outdoors,train
ab6ef383-ac01-400e-b96f-6032d66b887f,Desk Work,val
ab7ed4f7-10ee-4ccb-bb21-4853c9018b1e,Cooking,train
ab875220-cd6c-410d-8fbc-94742e51e775,Cooking,multi
ab9b7b7c-33ad-4358-929f-8b36b719f45f,Walking Outdoors,train
ac4cf994-4099-4082-bb9d-c5c4456df71d,Cleaning,train
ac582760-09b1-4a6e-be08-f19f9bf5dfcb,Cooking,train
ac66d197-8177-45cb-a75c-1a870321b58e,Walking Outdoors,train
ac8c7637-09fd-4c9a-b7bb-df08a501922f,Carpentry,test
aca5bc6f-ae4f-46de-8245-388bda763b9f,Carpentry,train
ad09372b-2863-4de9-a86c-c46b2f502fe4,Mechanical Repair,multi
adf11624-aca0-4bad-a35f-51b9f330ee74,Walking Outdoors,train
adf4d8c5-2c49-4d25-9a20-7dc29bbda0ce,Cooking,train
ae0300cd-994f-4e7d-9d61-78c823c292b6,Cooking,train
ae15b414-41c8-478a-94a3-e69a87ebf318,Playing Instrument,test
ae2d6792-7bdb-43c4-89b2-fc58c4b977d7,Cleaning,train
ae56fbda-009b-485c-9dfa-72ce89e847bf,Walking Outdoors,train
ae9cb412-7b93-49ae-bb46-306dc74d5fe3,Cooking,test
aea15e04-4b56-4e8e-a58c-427c6105deb7,Cleaning,train
aeadb544-fd9f-4bb8-bfbd-fbefd899ec8e,Mechanical Repair,multi
aee3035a-a3cf-473b-afe9-168717aec9c6,Cleaning,train
af16d9ef-f726-49dc-bf2e-73553dd417fd,Cleaning,multi
af17c6b9-c00e-4f68-ba79-78a6f9085c62,Cooking,train
af2400f6-f0b6-4014-b43a-7942a1fe1baf,Playing Instrument,multi
af4828ab-2ff7-4935-87e0-08881989f178,Cooking,test
afa9b047-090a-4d29-a51d-4091326dd3a8,Carpentry,train
afbab8ce-797a-4c6e-800b-5acd9bf1653e,Cooking,test
afbb32dd-a9f5-4086-aa3e-bfac55789e0b,Cooking,val
b0429a48-6f89-4544-8128-a24fd63d3149,Gardening,multi
b0682378-e167-42e8-a6e2-f865cea9b274,Playing Instrument,train
b0bef990-651b-42f2-aa99-b11dcde5d678,Gardening,multi
b0d3a6de-6520-414d-8161-3ae0ea34feb3,Playing Instrument,train
b0f8ab26-96ea-4c96-8371-922fe32a9115,Mechanical Repair,val
b1076795-4132-40a4-add7-259006b85b18,Cleaning,train
b148c2bd-349a-4c3d-af5c-6791c300bea9,Cooking,train
b1543ea3-e86b-4545-9195-f1bf83e02b41,Walking Outdoors,val
b1ac8c7e-6b29-4196-a28b-e4e21b872ede,Gardening,multi
b1b01372-64c3-4a6a-93fc-a86409f518ab,Cooking,val
b1bbfee4-8499-4c50-9de1-ade61d05d481,Cooking,val
b2017f8e-32fd-4b52-81e1-1b287b6fd9c6,Walking Outdoors,train
b23e6424-aa93-43a8-84f5-654f32b1eae4,Mechanical Repair,val
b2400a63-649b-4a36-bc3d-79f2205c52b1,Walking Outdoors,test
b29b29d2-8335-4307-b5d7-976fa2b38f28,Gardening,multi
b29fc28f-d093-47a3-a9d8-0d1b466c0433,Mechanical Repair,train
b2bc36f1-529f-4797-9185-f50c01349bc8,Cleaning,test
b2ebded2-4c94-473d-b9e4-8dd3556a3152,Walking Outdoors,train
b2f0b38e-8d81-4209-a5d4-5dc179bc098b,Mechanical Repair,train
b30bf1cd-0b5c-4635-a3d8-9fede8fa3a33,Mechanical Repair,test
b311fad7-8292-41d5-ad41-3693b4120bc8,Carpentry,train
b32e179a-99b4-4214-9740-f6d5d4c6f4dc,Walking Outdoors,train
b391c221-f390-40e2-a210-a22616adb272,Gardening,train
b3bc7cb1-88b2-41e1-86cf-6ecdb8e0dbca,Carpentry,train
b40913e4-79cc-45b6-a072-490667ced20f,Playing Instrument,train
b42e8147-19dd-425c-8484-9dc72dd696a2,Desk Work,train
b45099b9-a5af-4e72-bb58-0d9333aa751c,Desk Work,train
b454135c-b78b-47d1-875c-1f564ef6bd45,Cleaning,test
b45e4207-b0ff-4894-94d7-50622a0466db,Walking Outdoors,train
b46da39f-a64d-43f3-bc43-f601e256c9df,Cleaning,train
b4707bc6-3579-4992-93ec-0eff21ba8922,Cleaning,train
b491e3c2-80b4-441f-908b-814cf80d57e6,Cooking,train
b4a8cf83-6f0e-40ca-811a-f1e1435d501f,Mechanical Repair,train
b4f8496d-dc4a-483c-94e5-b0dabce47fc8,Mechanical Repair,train
b5410470-6cb6-43ea-8233-4824ba6a27b0,Mechanical Repair,train
b5d0eb9a-2064-4dc0-a123-b220b1046995,Mechanical Repair,train
b65f4313-9e42-422e-87fe-b7bdb91cd56c,Mechanical Repair,val
b6ae365a-dd70-42c4-90d6-e0351778d991,Mechanical Repair,train
b6b4f7a1-f3ec-425c-93eb-acc931acb2b5,Mechanical Repair,multi
b6e2e728-11f9-46c0-9fc8-490ea1a905ae,Cooking,train
b71e68a4-0de8-46fe-9bbb-d92c7b154a3f,Walking Outdoors,train
b730fb99-504c-4a36-a43f-f168017c3ac9,Cooking,test
b79a27cf-4e81-4ae1-8cf8-029711cb1bb7,Cooking,test
b818d104-1dcd-4b1f-ae38-2166f0347514,Playing Instrument,train
b8276cd7-33e9-4529-80b4-b301b50e227b,Desk Work,train
b8952ddf-dd75-4d30-99f2-4e93a286abda,Cleaning,multi
b92eee0d-6b89-4424-a059-8ddd989b048b,Mechanical Repair,train
b940de2b-5fa2-4f37-badc-a42a39919a65,Gardening,multi
b9616c31-3b51-4fea-9113-c0d5d7894beb,Mechanical Repair,test
b963268a-e7af-4265-b74b-e04031fef505,Mechanical Repair,train
b9867b08-5cfd-4528-8c94-67560048b0e7,Cleaning,train
b99c164c-dae8-4009-bb1f-56f550aa4fd5,Desk Work,train
b9c91169-7019-4bfa-8a63-97df8cbefe97,Cooking,train
b9eed644-56a9-4a0b-b1a3-5cc0d6688297,Desk Work,train
b9fd76c5-1f9b-4d82-b9ee-2e0615561765,Walking Outdoors,train
ba23930c-cef7-4f3e-b5bb-8f0a4ae5b1e4,Cooking,multi
ba9fad3a-747f-446e-8392-bbcbd1b17b71,Walking Outdoors,test
baf15309-e865-4e9e-9efd-09097f1d5a43,Mechanical Repair,train
bb03ea40-924a-450f-8521-9773c017395a,Cooking,val
bb1d63a3-f41c-47bb-bae0-7c58c82eefbc,Cooking,test
bb4a305f-c76c-420a-9acf-a020c535e742,Cleaning,train
bba34eeb-7691-4dee-9527-d812ab6ebbe2,Playing Instrument,train
bbd7f65a-71a8-4cd1-b685-7dbb4a5e5520,Gardening,train
bc0e9580-d744-4c2f-b690-0082dc14a9dc,Cleaning,train
bc16dcef-d666-42c8-8a83-6babdf0e045f,Cleaning,train
bc2057cd-1460-4dfd-9f9a-58b8c0af3c5a,Cleaning,train
bc215572-bd4c-4457-bbc1-58cdd6398cc7,Mechanical Repair,train
bc31a74e-0c1f-499b-af02-80dad77ed163,Walking Outdoors,train
bc635ea3-cd49-49fc-82ee-4fff2aa8a2ba,Cleaning,test
bc864bb2-d346-4b99-a11a-bb320a563277,Mechanical Repair,train
bcdf2c7a-fdf3-40a4-836c-c4d2bcef274b,Carpentry,train
bd16e1a8-5119-4f24-ac6f-d4a388bc78bc,Cleaning,train
bd1d22e0-2898-424f-8ec8-d47cab2e9fcb,Cooking,val
bd8fd228-ec64-4515-b7ab-af261c0a5807,Playing Instrument,train
bd970f5b-3fd9-4ae9-9f2b-738e8ca54c1e,Cooking,train
bda3cdb5-32ef-433f-bc6a-e77617447d30,Cleaning,train
bda979cb-dc62-4daf-a87f-8295667c173c,Desk Work,multi
bdb29a9e-d6d4-4918-9870-464abeae48d2,Mechanical Repair,train
bdf00ef0-4616-40ab-ab2e-4437cb93f39e,Cleaning,train
bdf8a675-b236-4404-8819-d5dadded2cb1,Carpentry,test
be8889c4-114f-4cb2-9e2c-fef576dbb00d,Cooking,train
bea8cf53-5c59-4169-a161-b58aedb9f12a,Desk Work,train
bedaa131-deae-4279-9fd4-5b6ab552644c,Mechanical Repair,val
bf295f25-d05d-4aa0-a6b9-4e97334e1ee9,Walking Outdoors,train
bf6e4f01-7891-42fe-9b52-1b5033379b44,Cooking,val
bf843ad3-fad5-4bc5-b74c-0ee9dafe9c40,Cleaning,train
bf9354ab-541d-4c1c-aa3e-8a3bfd8fb51b,Mechanical Repair,train
bfde0e71-dbdb-468c-bf5b-3b9f6cb577ce,Playing Instrument,train
bfe64619-9bd6-43be-bae3-97f4c3dfd4ca,Desk Work,train
bff1d1da-957f-42ea-8c98-61eaca98b5f1,Playing Instrument,train
bff96138-791e-45ba-a91f-a90572cca444,Walking Outdoors,train
c0028015-e421-470b-9373-9611b33ac3f8,Mechanical Repair,train
c0048675-8810-46dc-af51-bca6471b68b1,Desk Work,multi
c019e4c6-45f5-4e01-9e4f-6ec4712850ce,Gardening,multi
c037be7a-e56b-4053-a48b-c593bf069ef4,Mechanical Repair,val
c044c28d-3968-4d7a-9680-ca4280322d05,Desk Work,train
c05389ca-2d74-4889-a8dd-a0f89d28a4b7,Walking Outdoors,train
c0798284-c1c1-416d-9a26-17a8ff94a2e9,Cleaning,train
c07fd00f-e660-4779-8f14-523fcbe80199,Cooking,train
c091c167-003d-46ac-bf3a-265e88bbeec0,Desk Work,train
c0a6b35d-b074-4d99-baa9-79914e4418f7,Cleaning,train
c0ca834d-5e1b-4150-97b0-7a8170f0094c,Cleaning,train
c0de380f-a318-4d4a-89bf-6ca5d0d225ae,Desk Work,train
c0fb007e-122d-496b-bde2-101572aa19f2,Cleaning,test
c115ba6e-cc76-4d8c-b28e-b659a558fc43,Cleaning,train
c13a54ee-5354-414c-8cbc-18879e22d258,Walking Outdoors,train
c18e65fe-edc0-4350-98f5-f292a7a67e47,Carpentry,val
c191e945-f7a1-4017-a2c0-8f9863c77ab1,Mechanical Repair,train
c1b1749c-398b-4386-9049-fe318dcad431,Cooking,test
c1dc6626-34c8-4367-a80a-42a44057f47b,Walking Outdoors,train
c20cf0c7-8c75-47cb-b069-46c2a2058519,Carpentry,train
c21b6b02-886f-4218-8595-f13c2d039e0b,Playing Instrument,train
c2b3e7ea-fbeb-4491-b5bc-d0dd723496f7,Cleaning,val
c2eeeab4-1b2d-440d-a459-f105d65a2f11,Cleaning,train
c304122d-0f0a-4c6a-a5b4-63f8b7aed69c,Cleaning,train
c3361017-8999-4dfb-88cd-90f1f13d58b2,Mechanical Repair,train
c396d137-e956-4a7f-ab2e-5a0b29c51afa,Cleaning,multi
c3b19085-f7eb-4217-8eec-b8cc056f92a1,Cleaning,multi
c41806a7-231e-494f-8e0b-f72587269f79,Cooking,train
c424ecf4-c654-4770-8af6-de97adb8241f,Cooking,test
c42d89d4-1305-43b7-b720-0c9dac854fd0,Walking Outdoors,test
c431062e-857c-4e9f-ad5c-94f925acc822,Cleaning,multi
c4333895-ed19-42fe-9323-271a41bdfe4c,Walking Outdoors,val
c43dcd05-d16a-45d6-943c-b3db725765fb,Walking Outdoors,test
c4456909-4530-44ac-ba6d-67ac04cd5f8f,Carpentry,train
c46849d6-a382-4a60-818a-cbcd32aae942,Playing Instrument,train
c46f73ae-b8f2-4517-af09-09e9295a5871,Playing Instrument,train
c4892805-56e3-4509-8a30-55c4fc38e4ac,Carpentry,train
c4f06549-15b5-49b8-b2d7-bf2a1c26edaa,Mechanical Repair,train
c4f3a74b-1552-48e6-83be-156b08f56002,Gardening,test
c53d79b9-097a-45e6-9603-22f1a63fece8,Mechanical Repair,test
c546c508-8352-4c5c-8770-e8f30fb4562a,Cooking,train
c569794f-e88a-414d-b34c-a06d7f7f800a,Cleaning,train
c5851c24-4ae3-4430-b867-f43800f0f56e,Cooking,train
c5852e18-5b6a-4270-8358-b271feaa5a26,Carpentry,train
c5938442-90c1-413c-be06-186222d8274f,Cooking,train
c5c0dc6e-f414-490c-b9ec-1d36852e95d1,Mechanical Repair,multi
c5d1bc36-6248-4ad4-a672-a158a9d2509b,Cooking,val
c5edffc4-e7d4-44dc-839f-80c054f3141e,Cleaning,train
c645ddf0-1efc-4c0a-bf58-889ea519b254,Cooking,train
c6534c1f-765e-42e7-86f4-da210d5211c3,Cleaning,train
c6a3921a-1cf8-4d8e-94be-7c1b94641c65,Mechanical Repair,train
c6afac8f-86bc-4caa-9980-77d66f41abba,Cleaning,val
c6da6ceb-5f40-436b-8c83-76458f46b3fb,Carpentry,val
c6f952ea-b060-42a7-8441-3cde54e9c1d1,Carpentry,train
c70d130e-4696-41a0-b727-c1b71808038a,Playing Instrument,train
c71d3ead-2f10-41d9-a78b-8a954c0d1f0d,Desk Work,train
c730a60b-236c-4e7b-9d7a-9967ff7ee9ac,Desk Work,train
c7344db5-fc90-42b9-9dad-346dd3c5e4f0,Cleaning,test
c7a446bc-e16e-4e59-a027-e8449a01251a,Mechanical Repair,val
c7c429c7-7e3f-4e22-a623-00c16ce7b33c,Cleaning,train
c7d31de3-e2fc-4542-a318-7719a6922bb4,Mechanical Repair,multi
c7e1c134-a806-4ea8-976c-22a96b0b8da4,Mechanical Repair,train
c7e8af35-608f-4d18-b752-2f3140f5fcc4,Mechanical Repair,test
c80584bf-4405-45e8-9e8b-4818b15b0ca1,Mechanical Repair,val
c80acd5c-5989-4d6b-82a3-8140b5da0d6c,Cleaning,train
c82d38c0-e570-4e50-9bde-1f1c3c5a0ad8,Cooking,test
c84a8644-93e4-407c-94f4-28f382a2d80e,Cooking,train
c864505c-9d49-4da4-bf7e-254b4c348c03,Desk Work,multi
c87e11bc-9038-4fd2-9ec1-f86998634e2e,Desk Work,train
c8e1a3d0-517b-4553-9621-e14776992fde,Gardening,multi
c8f8ebf1-5613-4f4a-802c-ada5e4c4b651,Cooking,multi
c8fe119c-f43e-4bba-9370-4ab69205ccdb,Desk Work,train
c9117666-37a5-4416-8527-e08bdce74cba,Cleaning,train
c921e8d0-f3df-4601-bd99-e9cfb139e3aa,Cleaning,train
c9430849-8afd-4ff9-bae2-fb4a3dc94356,Playing Instrument,train
c98a5a59-ff86-44fd-a091-9a6c54778a99,Cleaning,train
c9a135a3-233e-4e76-9793-0fca387345e4,Cooking,test
c9b40d8d-7cb5-4ce7-9e30-8d36adb94a4f,Mechanical Repair,train
c9d5c48b-8a81-4f89-ad66-e8fd0f949506,Playing Instrument,train
c9dcb3bf-0dfe-4b07-8bca-0582ac7a81c0,Desk Work,train
ca1773b8-ec8e-4f61-8e8f-7e4211830793,Cooking,train
ca33711a-5c59-435a-bacf-5857e7106559,Walking Outdoors,train
ca904341-e8f2-4d13-953f-fd7c8e276973,Mechanical Repair,multi
caa222aa-57d4-4313-9756-588e38e0577e,Walking Outdoors,train
caa582d2-0b56-4a75-893e-a3b727a448d0,Mechanical Repair,train
caba19ad-381f-4600-8ffe-11b12a6249ca,Walking Outdoors,train
cac166bf-48d8-43be-aa39-f2e20b4d015a,Cooking,train
cb235c78-e524-417a-89fd-57b682bb223b,Cooking,train
cb25d0ce-db3c-449c-934a-1f0ac2dcf06e,Desk Work,train
cb6239fb-c4ba-4e64-9e23-9a6a935568e5,Mechanical Repair,train
cb83eaff-62e9-4aff-bcdc-e3d747103020,Mechanical Repair,train
cb8c7491-7751-49a6-9fca-257c38e971d1,Cleaning,multi
cbb644c5-aa49-479d-97ce-cfe515bf01ea,Walking Outdoors,train
cbc80fb5-5508-484d-bfc5-d56650cdf838,Carpentry,train
cbe34c13-e91f-4d2f-a902-c011503b6a8f,Cleaning,train
cc6e1b2b-daad-4dd5-8353-9fbaccde34c0,Playing Instrument,train
cc82c3dc-caf7-4d64-9c84-b4701e205344,Walking Outdoors,train
cca1ae5d-4528-47e9-91c9-282d88f53680,Carpentry,val
ccc05b6c-1c3d-4748-9ba4-9d87efc42fe3,Cooking,test
cce95cd8-188e-4d6b-996f-07f58fc9d117,Mechanical Repair,multi
cd1c518b-9020-4ac6-aae4-85c4370f825e,Walking Outdoors,train
cd435f5e-95c4-440c-88c7-c65c19f94c4e,Cooking,test
cd4a46ba-548f-41bc-910b-4b0bc7fe5d9f,Carpentry,train
cd4cf777-fa95-4226-9453-f00ce43fe323,Walking Outdoors,train
cd782861-d8d9-4eae-b642-bb4521b19e3d,Carpentry,train
cd8282c8-528e-4da8-97d2-2987ca818ff0,Mechanical Repair,multi
cd8590b6-4c27-4932-9ccf-501380d35b14,Cooking,train
ce19b572-7341-426a-8c2f-fe067344c98d,Mechanical Repair,train
ce2cf2f6-24aa-4195-93a6-f82b283815e6,Gardening,multi
ce3ef2da-c918-42c8-9d22-533f776366bd,Cleaning,train
ceba5343-c1d5-4f8a-a6bb-ef39c3923e6e,Cleaning,train
ceea3a90-8339-4512-8ae2-0da5f1ee6bff,Cleaning,train
cefe9da5-8b91-4ee6-ba03-12b5d175d678,Walking Outdoors,train
cf1a858f-f91e-4357-a2c6-5e90b060a2a0,Mechanical Repair,train
cf279625-1654-43e7-8b96-9139132b1b47,Mechanical Repair,train
cf7c12db-1a9e-46d3-96d6-38174bbe373c,Cooking,train
cf90f24b-32de-452a-b154-03ca5e47099a,Desk Work,train
cf9103c8-f2f9-4a6d-bfe2-5086b2ea8f92,Playing Instrument,multi
cfa96e76-d909-4ba5-bccb-77402fde6be7,Cooking,test
cfac3358-8f12-4f02-9899-f130e449e2c6,Walking Outdoors,train
cfba10a6-af61-4b63-b958-18f4bed01957,Mechanical Repair,train
d00c985e-9038-4e6d-912f-4daa938bbcc6,Carpentry,train
d02bd0da-e84e-40b8-81d7-47106f1911ae,Mechanical Repair,val
d048280c-9e2b-4037-b069-bb11f29b7d3b,Walking Outdoors,test
d0b0a1c5-d1a5-4cdb-8f15-c12d3c57cc24,Desk Work,multi
d0c51964-c499-4c20-b9ce-eb5469da84cb,Mechanical Repair,test
d136ab8d-e62e-41f0-b794-beb9a9e8e980,Mechanical Repair,train
d1d1b6da-e7f8-48e7-9ee4-d8382582695a,Cooking,train
d1efe7af-5ab6-4867-8fbb-566c655ab1d8,Desk Work,train
d1f59fb1-5f81-4bd4-b3f1-81d69ab71ef6,Carpentry,multi
d20f6551-0272-4a69-8b02-da7ffcf29e0f,Cooking,multi
d24836a0-f1eb-4093-8966-849e4a0d1fa8,Carpentry,train
d2495931-34b0-4287-9e1a-f501c50580de,Cooking,train
d256e7bd-131c-498b-8398-52e996264fa8,Carpentry,train
d2606d87-2a9b-48df-96b2-5df1a4457215,Cooking,val
d2d6b2f0-c81a-4e43-9e6b-e8d6e9b51793,Cleaning,train
d3075d27-12e9-40ec-9066-cb381eed8aa6,Cleaning,multi
d33a95d6-6acd-454a-b684-4a08b5bcb7fe,Cleaning,train
d362ba00-301d-4e88-8786-c4da2684e62e,Cooking,test
d38f271c-53f3-4771-8c17-a5157e723067,Gardening,multi
d3dd9264-3fbc-468f-8c8f-433c3e804411,Walking Outdoors,train
d44e1498-d9ab-4857-ae4b-947d5a4f945a,Cleaning,train
d45beaf4-ca3c-4a0f-9cee-548d93ae4c71,Playing Instrument,train
d51a0b73-1ad7-4d4e-be99-714f6637668a,Cooking,test
d51cd3c2-dc8a-42ad-90c7-a130f6481b7d,Walking Outdoors,train
d5a09f08-294d-446a-8f56-d3e09232039b,Playing Instrument,train
d5c53bd8-8d48-4242-9893-09e40ee75927,Carpentry,train
d5d01a08-b5ad-4bb5-be0b-60154583e82c,Desk Work,train
d5dd57cf-f09a-4b6c-9292-d4538a9963e4,Playing Instrument,test
d60525a7-d319-4c8c-a264-3659ec005817,Walking Outdoors,train
d647a18b-9e7b-47e7-9eba-0e686060ec64,Cleaning,train
d64d376b-88b3-4820-b002-8b265df08bef,Mechanical Repair,train
d680fc86-1484-4f8d-9a5b-90fc4f473aee,Mechanical Repair,multi
d6cdaa3b-6310-44a3-92d3-dc354e6af60a,Cooking,train
d719810e-75d1-4588-8795-c8763179d226,Walking Outdoors,train
d72003de-42f9-4e11-b06a-8321b8662ca6,Carpentry,train
d731d55b-a67c-498e-9016-2758185a2553,Cleaning,multi
d73e5118-f353-4891-88bc-f09b8096207b,Walking Outdoors,train
d73f2417-5307-4bb9-adef-b1a9e130d030,Cleaning,train
d758b0c3-1c50-4abb-b1bc-a1b16d3397eb,Gardening,train
d7a1ae74-9903-46f5-a0fc-4d4ca0c307b6,Mechanical Repair,train
d7a67b75-ad74-45d1-b78a-1fd8f9422ae6,Playing Instrument,val
d7cbf914-f1c9-4160-afd7-0e3c1d2a3d11,Playing Instrument,train
d7d22502-3c2d-45ed-bb29-7ab23cb1cc1c,Playing Instrument,train
d7dcdd72-3dee-4804-8374-98960b07301e,Walking Outdoors,train
d8217a15-4527-4557-94c5-df4eb78b748a,Cleaning,multi
d833ef72-c801-417e-b90c-ef8d8401029f,Carpentry,train
d845326e-9e4d-414b-9933-a5d2fde59df2,Carpentry,train
d84b7316-6db7-49f3-be95-49121c5a68d7,Walking Outdoors,train
d85356d4-2561-425d-9a29-bc363cd97155,Desk Work,train
d85f0f6d-ec7d-4dd6-b829-c540a1a41193,Mechanical Repair,train
d89ddccf-4845-4f01-8de2-23cde70c0a45,Cleaning,train
d8e20ed1-1d88-49f1-afad-23fb519291ab,Walking Outdoors,train
d933aa04-7b9f-419d-8d70-a3bebeca6c34,Playing Instrument,train
d9439e56-761c-428e-a705-c362d61f8126,Walking Outdoors,train
d94854b6-3469-4c9c-8d2b-aa9019010a11,Cleaning,train
d978d448-478c-40a9-b160-e56bade3a562,Carpentry,train
d98901fb-305a-4e96-a6a6-41fc02295648,Cleaning,train
d9941963-10dd-49bc-badc-998c88cf1e18,Gardening,multi
d9b4c3ac-7b2c-4454-a84f-c216a9129909,Desk Work,train
d9e86651-f7ea-4656-bc74-1591f18f9a38,Cleaning,train
d9eb1ae4-acee-457e-a0bf-b0e49b4576ce,Gardening,multi
da01e952-d1a1-48ba-9770-88440268ebb9,Cleaning,train
da098288-2888-431a-8449-42ebcfc7252d,Walking Outdoors,train
da32ff6e-27b2-47e6-b38f-dbf7a36b5f4d,Mechanical Repair,train
da6fa34f-d1bd-4a73-bfcd-3832f06b3ee9,Cleaning,train
dabcf717-b9f8-4547-b395-2745e2a45356,Mechanical Repair,multi
dad4eb3d-3331-48e5-b3d8-81b7d5fb3ab0,Walking Outdoors,train
dafc3206-3b70-4f43-b386-e0d01a3516a7,Cooking,train
db00b25c-2900-4e86-89c7-d23bc96d46df,Carpentry,val
db16e9f4-39b2-436b-b4e8-2b7afa8c4a1c,Cleaning,train
db16f466-a943-47c4-b7e4-1866f5603aae,Desk Work,train
db171065-a8a9-49f7-bc56-66879d228b30,Carpentry,train
db3f7933-dfa0-4678-9d4f-393b628ded45,Cooking,train
db532215-0f8f-4cb9-8118-004746c5786f,Cooking,train
db57792c-e868-468f-a0c9-e0fe473ab14e,Cooking,train
db86e82b-2f82-40c9-885f-761c8f527a80,Playing Instrument,train
db92ffad-21ff-4cf4-bd2e-e0630faf7ae1,Carpentry,val
dbb150a2-a47c-42b0-82e4-b076b69f0fb2,Cleaning,test
dbb2e70c-d01d-4bae-b51f-857cfb4e2e70,Walking Outdoors,test
dbb6b742-2995-46f1-81ae-00d8256eb98e,Mechanical Repair,train
dbd50964-e448-4129-8c00-1e1bc0d6e892,Cleaning,train
dbece711-b4ea-45c8-9602-48dea9919798,Gardening,val
dbfced7f-d9be-4a93-9238-980f4b17a335,Walking Outdoors,train
dc266fb8-d459-450f-aca8-b8be6c6b0dc2,Walking Outdoors,train
dc58cd89-810e-455d-b51e-1b66ce022edd,Playing Instrument,train
dc6da3c4-dcb4-4ccb-8d2e-d5023dac6ace,Carpentry,val
dca2e9e2-acde-49b7-8b0e-5a150e536769,Cooking,train
dcd09fa4-afe2-4a0d-9703-83af2867ebd3,Cooking,train
dcd30089-0bff-430d-a8ae-c41516301d88,Cooking,train
dce4c6a7-8ce1-40b2-8acf-fe2af249d60d,Cleaning,train
dcf3224e-7c89-4fff-8a1a-c5c45bcc8896,Mechanical Repair,train
dd02cb36-1265-40b4-b141-4e9f58c0d3b9,Carpentry,test
dd08bc58-b614-4ba7-b883-a213560621dd,Gardening,train
dd1a712c-c9ec-42f8-8393-50057de2b301,Cleaning,test
dd4028dc-bc21-4209-9ea6-fbb49ce6628f,Carpentry,test
ddc4e9ed-97bc-4df8-ad63-b23f616c7cb0,Mechanical Repair,val
de8ea8a7-6bdb-4679-9b17-9dc6a79e45e7,Desk Work,train
dea0ae26-eef2-4065-95cd-90feb5e7121f,Playing Instrument,train
dea11d9b-46ad-4561-a9a7-a9c2f453723f,Mechanical Repair,multi
def2e8dd-aaf7-467f-aa8f-46f654e6f4e0,Cooking,train
df01a6a0-2404-4a91-bd95-1ca04a4bcb05,Carpentry,multi
df10e714-4e7b-4173-9025-3f13277343a9,Cleaning,train
df7bdd06-c392-4a3d-ae1a-cdc234582472,Mechanical Repair,val
dfa06e1b-6823-4fa0-b7f8-194bac7bc7f3,Cleaning,train
dfaba491-c7e9-43c0-8294-b5b96d22fa7e,Cooking,train
dfb7c390-7b36-46b6-8c6d-29d2f5d48bc6,Cleaning,test
dfcb327c-c3c9-4865-8bec-d3ab453a49d3,Mechanical Repair,train
dfe55332-7312-486a-95c7-d871b438a427,Carpentry,train
e042c0ce-5038-4d45-810d-28ef585d03f7,Playing Instrument,train
e0b22a37-836a-4231-a5ec-98114c311d32,Carpentry,val
e0c4d2c7-fd50-4c50-b40e-e1eda4a5708b,Cleaning,train
e0f24177-3542-4d00-93e5-94f03a856d5f,Cooking,test
e187d152-8068-4446-9c60-e40682e9fe5e,Cleaning,train
e1fdb62b-c8c4-4bdb-82a6-9a787fe2684d,Desk Work,train
e250017c-16ff-4825-9c30-160f391e1549,Cooking,val
e25318c3-1bb2-4d60-9476-98b177af30be,Cooking,test
e2f492ff-74c7-4fdc-8c93-0d4ebf66cc63,Playing Instrument,test
e2f6637c-b3c4-4d19-bef4-0d2dd202f1a6,Cleaning,train
e303a071-7d0b-40e7-b8df-dea6e79ad7e8,Cooking,val
e3082331-86f8-469d-a45d-cd69dac91dbd,Mechanical Repair,train
e3191cd9-5e11-4eb9-9895-355888f9d4c8,Carpentry,train
e3c61fe7-0b38-40b3-b3db-efb48fc5d0df,Cooking,test
e3c706cf-9431-4aaf-864c-c6c2ebd71500,Cleaning,train
e42aa8c5-561b-4e53-84cb-b4192db92ab6,Cleaning,train
e454170f-9b08-4861-97b7-a5bdc1b1528f,Walking Outdoors,train
e47119be-41e8-4fda-94cb-e59aabb2329f,Walking Outdoors,train
e481dc88-eea0-4262-8ea1-4169691d96c7,Walking Outdoors,train
e4ab68fe-3560-4dc1-8dbf-f8d4df39f770,Cooking,val
e4c8ece5-cc27-4f8b-84da-ceb7bce6feae,Cleaning,train
e54b0e18-5dcd-4b58-9fbc-9c757cc5b7ec,Mechanical Repair,val
e57140cd-b6d6-4355-a962-1146e0635a95,Desk Work,train
e58a1cd6-cf82-4477-b8a3-8f749ebceffe,Cleaning,multi
e5a9f6d7-e7df-4209-a825-0a391c4815ba,Mechanical Repair,train
e5bbd2ea-2ffd-4d6a-a187-060e664e30c6,Cleaning,train
e5d94463-f292-451d-8d7c-0926001da4e1,Mechanical Repair,test
e5fea731-7b32-4857-a86b-587eda0ff334,Walking Outdoors,train
e6185339-0e35-4337-8260-5d43b46ecbff,Cooking,test
e6351387-e982-4646-b719-d869b1ab61f0,Desk Work,train
e636dd8b-7682-4910-8b26-781f192c37ec,Cleaning,val
e65eb769-09ac-4ed0-b747-847e76252fa6,Cooking,val
e6884440-93b1-4202-8668-460ff075c63f,Cleaning,train
e6b7692d-5e35-4524-8d2a-385475b95806,Walking Outdoors,train
e6bdfe96-48c7-48c9-a5c8-5f09aee849b7,Cooking,train
e739f98c-a5f6-454f-a0b9-8f2fd024c1cf,Mechanical Repair,train
e750d46b-2c3a-468e-88db-4169a9d65a9a,Walking Outdoors,train
e7589947-f110-4142-9597-401c3b2b1251,Carpentry,val
e75caa1f-8658-432c-b559-f6a1f3fc409c,Cleaning,train
e7742d04-2dc5-4046-9d0c-d45c6fe74d25,Cooking,val
e7bb40bd-2ba3-4ac9-8e10-b209504f2964,Cooking,train
e7eead9a-5f4e-47af-8f54-2dd3fd453a2d,Playing Instrument,train
e81f33e5-b5d0-4fe1-84d0-4c7fdea2efeb,Mechanical Repair,train
e826857f-8b94-4168-bc5a-7aaff9cdc7c0,Desk Work,train
e8283c8f-ecc0-448a-84d2-9f16160d7a4b,Mechanical Repair,val
e84c2ee8-0e6a-4d77-953d-00fb5afd76c4,Mechanical Repair,multi
e85be911-b97d-4cba-8d9e-8b404a9f8b7a,Cooking,test
e87ff93b-e900-42a6-83f7-3873c4d831fb,Carpentry,val
e8b1837a-def3-490c-ab5e-4ac64cdce434,Walking Outdoors,train
e8c52c5d-4d8f-4d9f-befd-29f661f80f27,Cooking,train
e8c715ba-d198-4e89-b33f-6efb25750c2a,Playing Instrument,train
e8efc369-ac71-49cd-91fc-de1136b21721,Walking Outdoors,train
e907ab27-ed99-43f1-83e9-e9b1202820eb,Walking Outdoors,train
e90b64cd-b166-405e-925b-184f6beaab61,Desk Work,train
e91bd0fd-abaa-4aa8-90db-21eae97c25f3,Cleaning,multi
e959b283-5bd6-4d23-a21d-4e73b3997468,Playing Instrument,train
e971935f-2e2a-4348-b268-3ca86d4ecbd4,Cooking,train
e9725499-415a-490c-a1c7-6089030c958a,Walking Outdoors,multi
e97e49cd-bc8c-449d-8d8a-7b01ca6d322b,Carpentry,test
e989b029-509c-42de-801c-2d6d547967d2,Mechanical Repair,test
e9957d35-9c4d-44cc-b3b6-267dfa13841a,Desk Work,train
e9c385b9-ab98-4120-8073-9129fff2dfbe,Cleaning,train
ea229192-82eb-49a3-b235-4902eb355f7b,Cleaning,train
ea603bd5-207f-4679-90c5-b480d8b286b9,Carpentry,train
ea6247f4-10cc-4327-af0b-aa834f9e92b3,Carpentry,train
eaa817af-b7e0-4f0a-8156-73834cf1157b,Playing Instrument,multi
eab7f116-e9c4-4c07-a963-ceffaaa68f29,Playing Instrument,train
eae773e3-e2f3-4af7-aad2-d88099322e67,Mechanical Repair,train
eb2c9739-dba0-479c-81b7-9dda51c4ac20,Playing Instrument,train
eb9257f2-4e7a-4ccf-842f-f47a495f4add,Walking Outdoors,train
ebae32c1-6ad1-4b96-851c-166e1784d50a,Carpentry,train
ebc9f0f8-924b-47d1-a639-de4f2d6e6a4c,Cooking,val
ec02ed27-b697-44b0-ae18-a9275205bfee,Walking Outdoors,train
ec2d5748-62ee-498d-a735-e5392a73bcbf,Cooking,multi
ec344610-74f4-4765-9c3f-0837ef78055d,Cooking,train
ec6c99e0-4ced-4cb2-8e69-04e36d2bb2ea,Playing Instrument,train
ec8eb536-e142-4628-9b87-4df3fd403f91,Gardening,train
ecb53665-3b24-416f-9a63-24030aed6f97,Cooking,multi
ecdc21d9-ee59-48ab-ae02-53e9aba05ef8,Cleaning,train
ed11ed4a-fc40-443b-919f-3c4ec2001250,Cleaning,train
ed1e7c2d-970b-4773-b945-1df0061b677d,Cleaning,train
ed31f134-b3f0-4f50-b8ae-d956b2f9ccfd,Cleaning,train
ed432ff3-54f7-4fb9-9a67-80b4d43a076c,Mechanical Repair,multi
ed5791ed-49ec-4dca-8071-fa1024442841,Cooking,train
ed693d1a-0231-4854-aae7-27a06e3f7d6f,Cleaning,train
ed6d342f-d599-41ba-a0a4-2822bbe9a78a,Walking Outdoors,train
edc1869c-8a97-44fd-ab47-63fda4a54df9,Cooking,multi
ee05e77f-d52f-48d7-b19f-6b14411a7849,Cleaning,train
ee1eea29-aaad-41a4-b299-c72ed26c9da5,Mechanical Repair,train
ee3e83ac-28ad-4f6d-ab48-51d7a6b5e497,Mechanical Repair,test
ee4f182a-fc16-4c69-a9f3-8201da8bfa91,Desk Work,train
ee5ed7ca-667d-4a31-bdc8-13a9b8008246,Playing Instrument,train
ee7bc1e4-fca9-4c23-9b98-63ce27333824,Cooking,train
ee8a0fac-0543-4676-8345-72028fa3c7a6,Playing Instrument,train
eebb7a06-e9ce-4982-92dc-ec4a5d74d725,Desk Work,train
eec01ded-9bf6-4da4-b61c-ac6a022e8ce4,Cooking,val
eed2f97e-15eb-4bbf-8378-a6074baf92e8,Cooking,train
efd052ce-4af1-48f4-8546-c13428ee92ec,Playing Instrument,multi
efe942ae-6339-4646-b644-dbe76db177ca,Cleaning,val
eff9a4e2-a2ab-45d4-a142-64a9aa4fc6e9,Cleaning,test
f00332a6-d29f-4bf5-89a2-0284965b3f23,Carpentry,train
f00d5909-4828-4475-be3a-474b12c9eccf,Playing Instrument,train
f0164f5d-c87e-4296-9e20-2166586c1ebd,Carpentry,val
f054bbcf-e9ed-42f7-8dd4-9167a9f24035,Cooking,train
f0776c0c-e50c-4e2d-a3f6-5a53b323829d,Walking Outdoors,train
f07f5c61-9848-4d94-9514-b757aa62bfc5,Desk Work,train
f0a5b497-94d3-47ec-8bd6-427d91d15adf,Mechanical Repair,train
f0b4024f-e7c5-482c-849b-7671fedea8bf,Playing Instrument,train
f0c81cde-b6d8-47eb-8ee7-0bbec791515d,Cleaning,train
f19d037c-2731-4f4f-a850-bfbcb20d6f68,Playing Instrument,multi
f1b5ae1e-742c-4802-9e61-ff8aae83e12e,Mechanical Repair,train
f1f6a30e-b81c-4edf-a99f-272072f72642,Cleaning,train
f2024ae7-3da0-4c90-8c12-6cfde6f0ab82,Cleaning,train
f2420e55-e559-40e1-9c96-863c6be763fd,Cooking,train
f26eb8a6-2ac4-4aa4-a500-1e738d8c8b13,Cooking,train
f277b970-9a30-467e-9f2f-bc8b36b7c259,Carpentry,train
f2a257e6-01da-4856-b145-2947ce5dcb0e,Carpentry,train
f2b29e04-a09d-4faa-a966-6f639dca11ec,Cleaning,train
f2c1136a-0b6a-47c0-809f-72e231cfcef8,Cleaning,train
f2e4ad31-16ab-4663-9f3c-b0a644262016,Mechanical Repair,train
f2efd904-9a3b-4a59-b1fc-dfa982de920c,Desk Work,train
f3146699-d715-44fd-9136-085b103dada4,Cooking,val
f32bac4e-edf5-4864-87cf-b386330b017f,Cleaning,train
f33dd5b7-ac69-4082-b152-a2db14b3a8cf,Cooking,multi
f3a0487b-70f6-4446-99a0-16dc78019ee7,Cooking,train
f3a9685f-0238-45a8-b7f5-30660e4d3acf,Gardening,val
f3d921fe-d7d8-4c09-98fd-7850154d73dc,Mechanical Repair,train
f3dc880e-c5c9-4463-b1f3-8e2465ea6032,Walking Outdoors,train
f3e79f6b-3b27-4aa6-a270-55a6424fd974,Cleaning,multi
f40e0f92-2250-46c9-98a0-8ccf23d164e0,Cooking,train
f4251612-a623-40a0-9fc4-2016c4aa607d,Cleaning,train
f42ae9c2-d43e-45af-8adb-02d0b16b2ef7,Cooking,train
f442873e-6f2b-493f-a6db-718cd20a732a,Cleaning,val
f4802d42-db9e-4770-a151-f2f42a602231,Cooking,train
f5161d43-4fa8-4aed-8bb0-93c102bfe45e,Desk Work,train
f522ce65-50a9-4119-9d49-57c32dea58f7,Mechanical Repair,multi
f54fd12b-d439-4f3c-9d0c-293336dd33b1,Cleaning,val
f576f1bf-5433-488b-8833-8320f087e72b,Gardening,train
f5899434-95bc-4cd3-bd42-b8464fbf3d9c,Mechanical Repair,val
f5b87541-3879-444f-be65-2b17f1d95735,Cooking,train
f5c456b2-b998-4f42-82bd-786833fb3891,Cleaning,val
f60c7255-97fb-4f8b-a12d-f8f805423bfe,Walking Outdoors,test
f6277269-1c87-439c-b5be-d4a02343018a,Cleaning,multi
f642360d-5cef-4c5f-b401-a65107946ed1,Cooking,train
f66f3e1e-de66-45a2-b33c-b11eed3d9c48,Mechanical Repair,test
f689ed27-5c4d-4b76-8de8-a9127d487692,Walking Outdoors,train
f6c064d9-bcf6-4153-9418-83cc3e181807,Desk Work,train
f6d0d1c6-c705-4d19-9aa4-41a975a99347,Playing Instrument,train
f6eb8e9b-a925-4112-9eec-32393192e435,Mechanical Repair,train
f6fea609-23c4-431c-8ac2-484f334a3a83,Cleaning,train
f71187bc-cead-407d-ad14-62812993b6a3,Cleaning,train
f71fb12c-211c-495b-a893-1f73e0538475,Cleaning,train
f735d4bb-d65e-4965-ac0d-270c0b9e5993,Cooking,train
f740e17b-2505-42a9-8a4e-f377198cce19,Cooking,test
f75197ff-2c5d-496d-bb78-9077ab473bf6,Mechanical Repair,train
f7a0beb6-b220-40c0-a72d-ec4b79134a73,Cooking,multi
f7eba194-18eb-49c4-bccf-df29755ecccd,Cleaning,train
f7f7d2ae-5d75-4447-934d-1573f95b8f81,Mechanical Repair,multi
f809c446-c3f0-4974-afed-270c12df12a4,Desk Work,train
f83ec443-7495-4d47-b99a-88d2056cf662,Carpentry,train
f8514af9-61ce-49d9-9628-fbc0bcc736f9,Carpentry,train
f894fea5-5bb5-46c2-a66a-8463f6f43450,Playing Instrument,test
f8b97e3a-3038-434b-9b13-1346aa40a619,Walking Outdoors,test
f90a8ae7-635c-4c58-a7fd-07879d4cb6d6,Mechanical Repair,train
f93bf4f8-08d1-4f94-8b5f-92fdd6b37e30,Mechanical Repair,multi
f96d4def-ffba-400e-8838-346145a890ec,Carpentry,train
f97a54fe-82ad-4a82-b611-08e6b860a082,Carpentry,train
f987286c-2ab4-4486-80f2-9124297f4be6,Mechanical Repair,train
f9a98d72-b5f1-4840-9093-d351586269c0,Cooking,test
f9ce56a3-3e9b-4edd-b133-c05eed792ec0,Cooking,val
f9ee14ba-828c-44dc-9071-e972cf2315c2,Cleaning,multi
f9f1adf2-443e-4af9-bbf8-2aa97a03c7c8,Carpentry,train
f9fa7dac-680a-4301-b783-470aef6f2639,Desk Work,train
fa21a282-6099-45cd-a4a7-39daf7973ec0,Mechanical Repair,multi
fa6e5f70-d4d9-49a7-9d74-d19bf127df55,Mechanical Repair,train
fa832aed-1016-467a-93ef-bacf176178f1,Playing Instrument,val
fa8a5802-fc36-488d-b646-9831f6afeea5,Mechanical Repair,train
fb7cc35d-3272-44a4-b8f2-15cd24fa345b,Playing Instrument,val
fbc425c4-def6-49a7-8b88-5d5d00b5524e,Playing Instrument,val
fc18441d-9bf2-412a-9939-a481fbdd08df,Cleaning,train
fc18a064-b1d9-485d-8c19-a3151dcf5bc8,Cooking,train
fc6c6313-f1b5-45f7-8272-53096d0d8986,Cooking,train
fc8618e6-3159-4122-aa39-0c21ae68b9b2,Cleaning,train
fc8cd995-ae0f-43a8-96e1-9d3e1d7c29ce,Desk Work,train
fc9824ed-63c1-4844-a80a-2c223d4ff7c1,Gardening,multi
fca39e16-1963-4910-9d23-2614be6c938a,Walking Outdoors,train
fcc14fe4-35e1-4854-b368-4541ae7bcf58,Walking Outdoors,train
fcc1b592-f210-4e4a-a2e4-2dd811ae9b2b,Cleaning,train
fd0839c6-2472-4e23-a69f-31e2f62c2c95,Cleaning,train
fd0e10cd-80ea-4cd1-babe-e6570601b00b,Mechanical Repair,train
fd344164-fa5f-4ce1-bf0c-40319056cc32,Walking Outdoors,train
fd3ed0f0-9a4f-4bb6-be32-6b74c35445cc,Mechanical Repair,train
fd5a127e-d587-44e3-b4cd-b8d88e7b7fa4,Mechanical Repair,train
fd67e15e-3c45-4fc4-b399-4ab3df1c957f,Walking Outdoors,train
fd878068-4a9a-458d-9225-fe4865907f0a,Cleaning,train
fdcdf464-a350-452d-9741-f6725e138192,Mechanical Repair,val
fdd70116-02cb-44be-9941-70ca04b3d233,Mechanical Repair,train
fe058f9c-d653-488f-897e-125040d12cf6,Cooking,train
fe4ee880-6cae-4f62-9d4b-fda767dda6bf,Cleaning,multi
fe6d1a78-c9bd-4570-8cce-0b9fccd219b9,Desk Work,multi
fec1f883-fc5c-4257-985e-26efaec68ddc,Walking Outdoors,val
ff425cc6-7577-444b-b6f7-e250c22a1ed5,Cleaning,train
ff46d5f7-ef0d-4dea-b121-c04ca6ba5a42,Cleaning,test
ffb6dfc1-d2f9-45b1-8e25-2c7d0f32d635,Cleaning,multi
